conID,tstID,poiID,x,y
0,0,0,5.05,0.39
0,0,1,5.04,-0.37
0,0,2,0.38,24.72
0,1,0,1.48,16.48
0,1,1,5.03,0.75
0,1,2,0.61,24.25
0,2,0,-0.34,23.76
0,2,1,4.95,0.71
0,2,2,0.67,24.02
1,0,0,4.89,0.46
1,0,1,5.04,-0.22
1,0,2,0.4,24.6
1,1,0,2.26,16.07
1,1,1,5.08,0.79
1,1,2,0.63,23.8
1,2,0,1.26,24.05
1,2,1,5.02,0.45
1,2,2,0.29,23.9
2,0,0,5.06,0.47
2,0,1,5.12,-0.29
2,0,2,0.29,26.62
2,1,0,3.74,18.41
2,1,1,5.05,0.56
2,1,2,0.52,26.31
2,2,0,3.01,26.51
2,2,1,4.86,1.04
2,2,2,1.44,26.4
3,0,0,5.08,0.34
3,0,1,5.01,-0.18
3,0,2,0.31,26.21
3,1,0,3.69,17.22
3,1,1,5.11,0.68
3,1,2,0.33,26.03
3,2,0,2.63,26.13
3,2,1,4.8,1.01
3,2,2,1.22,25.54
4,0,0,4.83,0.61
4,0,1,5.12,-0.42
4,0,2,0.48,25.11
4,1,0,1.01,15.95
4,1,1,5.04,1.06
4,1,2,0.47,24.64
4,2,0,-1.01,24.96
4,2,1,4.84,0.78
4,2,2,-0.24,24.62
5,0,0,5.0,0.72
5,0,1,5.04,-0.09
5,0,2,0.22,26.7
5,1,0,0.8,16.64
5,1,1,4.89,1.04
5,1,2,0.09,26.58
5,2,0,-2.24,26.0
5,2,1,4.51,2.17
5,2,2,-0.64,26.11
6,0,0,4.89,0.44
6,0,1,4.99,-0.29
6,0,2,0.25,26.19
6,1,0,3.63,17.88
6,1,1,4.88,0.53
6,1,2,0.37,25.74
6,2,0,2.66,25.8
6,2,1,4.69,0.78
6,2,2,1.2,25.64
7,0,0,4.95,0.63
7,0,1,4.98,-0.28
7,0,2,0.18,26.46
7,1,0,0.43,17.12
7,1,1,5.0,0.79
7,1,2,-0.03,25.85
7,2,0,-2.38,25.46
7,2,1,4.86,0.92
7,2,2,-1.08,25.45
8,0,0,4.94,0.72
8,0,1,5.07,-0.36
8,0,2,0.38,25.26
8,1,0,3.38,18.18
8,1,1,4.99,0.75
8,1,2,1.07,23.87
8,2,0,2.64,24.19
8,2,1,4.77,0.73
8,2,2,1.62,24.03
9,0,0,4.95,0.65
9,0,1,5.01,-0.24
9,0,2,0.36,26.12
9,1,0,3.63,16.56
9,1,1,4.89,0.51
9,1,2,0.56,26.01
9,2,0,2.72,26.01
9,2,1,4.78,0.84
9,2,2,1.32,25.97
10,0,0,5.06,0.42
10,0,1,5.09,-0.35
10,0,2,0.44,26.73
10,1,0,3.19,17.7
10,1,1,5.07,0.65
10,1,2,0.65,26.17
10,2,0,2.12,25.63
10,2,1,4.84,1.11
10,2,2,1.1,25.99
11,0,0,5.02,0.83
11,0,1,5.09,-0.06
11,0,2,0.31,25.09
11,1,0,0.04,17.16
11,1,1,5.07,0.98
11,1,2,0.32,24.51
11,2,0,-2.19,24.03
11,2,1,5.02,0.92
11,2,2,-0.7,24.12
12,0,0,4.97,0.59
12,0,1,5.12,-0.2
12,0,2,0.49,25.38
12,1,0,3.93,16.94
12,1,1,5.02,0.96
12,1,2,0.93,24.67
12,2,0,3.34,24.64
12,2,1,4.72,0.83
12,2,2,2.3,24.94
13,0,0,4.93,0.49
13,0,1,4.96,-0.26
13,0,2,0.28,27.02
13,1,0,0.14,17.4
13,1,1,4.87,0.68
13,1,2,0.17,26.29
13,2,0,-2.76,25.98
13,2,1,4.8,0.77
13,2,2,-1.2,25.96
14,0,0,5.06,0.54
14,0,1,5.08,-0.12
14,0,2,0.65,24.95
14,1,0,0.52,17.63
14,1,1,4.99,0.81
14,1,2,0.73,24.33
14,2,0,-1.53,24.61
14,2,1,5.03,0.66
14,2,2,0.01,24.44
15,0,0,5.02,0.37
15,0,1,4.99,-0.21
15,0,2,0.22,27.05
15,1,0,0.81,17.32
15,1,1,4.95,0.81
15,1,2,0.12,26.27
15,2,0,-2.01,25.24
15,2,1,4.93,0.64
15,2,2,-0.84,25.88
16,0,0,5.04,-0.14
16,0,1,3.92,-0.04
16,0,2,0.41,25.71
16,1,0,7.0,21.0
16,1,1,3.7,0.23
16,1,2,4.14,26.78
16,2,0,7.72,27.69
16,2,1,3.32,-0.28
16,2,2,6.92,27.55
17,0,0,4.91,0.47
17,0,1,5.05,-0.29
17,0,2,0.31,26.77
17,1,0,0.83,17.18
17,1,1,5.07,0.68
17,1,2,0.37,25.76
17,2,0,-1.53,25.35
17,2,1,5.01,0.87
17,2,2,-0.5,25.49
18,0,0,5.3,-0.25
18,0,1,4.23,-0.39
18,0,2,0.58,25.64
18,1,0,1.81,20.03
18,1,1,4.35,-0.25
18,1,2,1.81,25.98
18,2,0,0.72,26.14
18,2,1,4.41,-0.91
18,2,2,1.81,25.92
19,0,0,5.09,0.61
19,0,1,5.14,-0.2
19,0,2,0.53,25.48
19,1,0,3.24,17.29
19,1,1,4.9,0.49
19,1,2,1.36,24.66
19,2,0,2.71,24.84
19,2,1,4.67,0.26
19,2,2,1.87,24.61
20,0,0,1.97,-0.74
20,0,1,3.13,-1.62
20,0,2,3.79,25.02
20,1,0,0.58,19.23
20,1,1,2.93,-1.68
20,1,2,3.06,25.8
20,2,0,-0.05,25.99
20,2,1,3.63,-1.45
20,2,2,1.21,25.32
21,0,0,5.0,0.73
21,0,1,5.1,-0.14
21,0,2,0.42,25.1
21,1,0,3.37,16.88
21,1,1,5.1,0.61
21,1,2,1.27,23.74
21,2,0,2.83,23.19
21,2,1,4.91,0.65
21,2,2,1.94,23.75
22,0,0,1.29,-0.11
22,0,1,2.26,-0.94
22,0,2,3.35,19.0
22,1,0,1.79,17.67
22,1,1,2.08,-0.99
22,1,2,3.21,16.91
22,2,0,6.01,5.84
22,2,1,2.99,-0.16
22,2,2,1.94,15.16
23,0,0,4.98,0.53
23,0,1,5.1,-0.21
23,0,2,0.33,25.14
23,1,0,2.09,16.89
23,1,1,5.06,0.62
23,1,2,0.43,24.39
23,2,0,0.39,24.39
23,2,1,4.93,0.4
23,2,2,-0.32,24.39
24,0,0,3.58,-0.01
24,0,1,4.3,-1.0
24,0,2,1.62,24.92
24,1,0,7.86,19.33
24,1,1,4.29,-0.98
24,1,2,4.37,26.18
24,2,0,9.76,26.71
24,2,1,4.39,1.6
24,2,2,7.88,27.19
25,0,0,4.97,0.47
25,0,1,5.03,-0.26
25,0,2,0.34,26.62
25,1,0,3.62,17.3
25,1,1,5.01,0.6
25,1,2,0.47,25.9
25,2,0,2.71,25.69
25,2,1,4.67,1.26
25,2,2,1.31,25.7
26,0,0,4.71,4.68
26,0,1,3.43,3.67
26,0,2,3.97,27.25
26,1,0,0.61,21.47
26,1,1,3.58,5.19
26,1,2,2.21,27.37
26,2,0,-0.64,26.89
26,2,1,3.4,6.13
26,2,2,0.71,27.32
27,0,0,4.99,0.17
27,0,1,5.08,-0.09
27,0,2,0.25,26.7
27,1,0,0.95,17.21
27,1,1,5.09,0.56
27,1,2,0.24,25.81
27,2,0,-1.83,24.96
27,2,1,5.1,1.0
27,2,2,-0.52,25.6
28,0,0,0.31,-1.18
28,0,1,1.33,-1.82
28,0,2,1.88,24.94
28,1,0,6.1,19.66
28,1,1,0.5,-2.5
28,1,2,5.21,24.98
28,2,0,7.36,24.62
28,2,1,1.56,-2.22
28,2,2,6.52,25.26
29,0,0,5.0,0.37
29,0,1,5.02,-0.22
29,0,2,0.42,24.66
29,1,0,0.62,17.47
29,1,1,4.94,0.84
29,1,2,0.5,24.0
29,2,0,-1.14,23.78
29,2,1,4.84,0.96
29,2,2,0.09,23.72
30,0,0,4.7,1.31
30,0,1,3.53,0.38
30,0,2,1.39,24.92
30,1,0,6.69,19.77
30,1,1,3.27,0.86
30,1,2,3.82,26.22
30,2,0,7.31,26.66
30,2,1,3.13,0.16
30,2,2,6.04,27.08
31,0,0,5.08,0.39
31,0,1,5.0,-0.16
31,0,2,0.31,26.44
31,1,0,1.02,17.11
31,1,1,5.07,1.11
31,1,2,0.24,25.64
31,2,0,-1.55,25.14
31,2,1,4.98,0.72
31,2,2,-0.31,25.63
32,0,0,2.43,4.04
32,0,1,3.2,3.34
32,0,2,1.55,25.0
32,1,0,7.79,22.77
32,1,1,3.91,6.56
32,1,2,6.5,25.43
32,2,0,8.48,25.22
32,2,1,4.13,6.8
32,2,2,7.45,25.74
33,0,0,5.0,0.45
33,0,1,5.02,-0.15
33,0,2,0.28,26.23
33,1,0,3.66,17.46
33,1,1,4.95,0.6
33,1,2,0.44,26.12
33,2,0,2.58,25.71
33,2,1,4.76,0.69
33,2,2,1.43,25.97
34,0,0,4.75,1.91
34,0,1,3.61,1.91
34,0,2,3.72,27.93
34,1,0,1.44,19.77
34,1,1,3.67,2.38
34,1,2,2.74,27.59
34,2,0,-0.27,27.88
34,2,1,3.66,3.91
34,2,2,0.88,28.29
35,0,0,4.24,7.02
35,0,1,3.63,6.21
35,0,2,-0.33,26.7
35,1,0,5.78,17.56
35,1,1,3.89,7.91
35,1,2,3.18,23.37
35,2,0,6.5,19.38
35,2,1,4.47,7.79
35,2,2,5.56,19.5
36,0,0,4.79,0.23
36,0,1,5.08,-0.24
36,0,2,0.3,27.11
36,1,0,3.77,17.74
36,1,1,4.95,0.77
36,1,2,0.46,26.41
36,2,0,2.77,26.1
36,2,1,4.65,0.95
36,2,2,1.3,26.29
37,0,0,2.51,-1.19
37,0,1,1.59,-1.13
37,0,2,4.39,26.34
37,1,0,6.91,21.27
37,1,1,0.82,-2.76
37,1,2,6.16,24.58
37,2,0,7.37,24.17
37,2,1,1.31,-2.83
37,2,2,6.44,24.23
38,0,0,5.03,-0.15
38,0,1,5.04,-0.4
38,0,2,0.21,26.52
38,1,0,3.45,16.55
38,1,1,5.0,0.69
38,1,2,0.35,26.15
38,2,0,2.2,26.44
38,2,1,4.67,0.84
38,2,2,1.24,26.42
39,0,0,2.34,0.31
39,0,1,3.12,0.08
39,0,2,3.78,26.23
39,1,0,0.74,14.68
39,1,1,3.67,-0.0
39,1,2,2.41,22.11
39,2,0,-0.06,17.36
39,2,1,3.92,1.97
39,2,2,0.71,17.51
40,0,0,0.22,4.12
40,0,1,1.73,3.49
40,0,2,0.5,13.68
40,1,0,7.08,23.8
40,1,1,0.57,2.21
40,1,2,5.96,20.03
40,2,0,8.85,27.55
40,2,1,3.82,5.02
40,2,2,9.02,27.36
41,0,0,5.02,0.65
41,0,1,5.07,-0.07
41,0,2,0.35,27.29
41,1,0,3.69,17.65
41,1,1,5.05,0.58
41,1,2,0.52,26.75
41,2,0,2.91,26.89
41,2,1,4.71,1.0
41,2,2,1.54,27.05
42,0,0,5.14,1.47
42,0,1,4.0,0.79
42,0,2,4.06,27.26
42,1,0,1.81,20.43
42,1,1,4.16,0.86
42,1,2,2.84,27.43
42,2,0,0.62,26.76
42,2,1,4.36,0.51
42,2,2,1.66,26.46
43,0,0,1.47,-1.3
43,0,1,2.39,-2.12
43,0,2,3.02,26.12
43,1,0,6.72,19.14
43,1,1,1.91,-2.29
43,1,2,5.66,25.92
43,2,0,8.39,24.87
43,2,1,2.57,-1.81
43,2,2,7.48,25.56
44,0,0,4.94,0.66
44,0,1,5.04,-0.15
44,0,2,0.66,25.07
44,1,0,0.85,17.47
44,1,1,4.9,0.97
44,1,2,0.82,24.23
44,2,0,-0.82,23.32
44,2,1,4.74,1.02
44,2,2,0.17,23.88
45,0,0,7.36,0.56
45,0,1,6.22,0.18
45,0,2,0.43,23.51
45,1,0,5.88,17.68
45,1,1,6.13,-0.96
45,1,2,3.54,24.36
45,2,0,5.3,22.9
45,2,1,4.65,-1.23
45,2,2,4.43,23.35
46,0,0,5.72,7.75
46,0,1,4.93,6.95
46,0,2,4.06,22.92
46,1,0,7.6,21.63
46,1,1,5.31,8.49
46,1,2,5.89,24.03
46,2,0,7.95,24.25
46,2,1,5.06,8.21
46,2,2,7.02,24.67
47,0,0,4.96,0.7
47,0,1,5.0,-0.23
47,0,2,0.3,26.41
47,1,0,3.9,16.85
47,1,1,4.95,0.44
47,1,2,0.42,26.18
47,2,0,3.17,26.02
47,2,1,4.83,0.99
47,2,2,1.36,26.03
48,0,0,5.91,3.91
48,0,1,4.99,2.86
48,0,2,3.98,28.39
48,1,0,0.92,21.01
48,1,1,4.51,3.29
48,1,2,2.0,28.15
48,2,0,-0.94,28.31
48,2,1,4.21,4.54
48,2,2,0.2,28.6
49,0,0,4.53,6.3
49,0,1,3.97,5.46
49,0,2,-2.13,27.66
49,1,0,6.76,19.25
49,1,1,3.37,5.0
49,1,2,1.32,25.74
49,2,0,7.74,23.02
49,2,1,4.29,6.3
49,2,2,6.5,23.36
50,0,0,4.99,0.82
50,0,1,5.03,-0.3
50,0,2,0.31,25.26
50,1,0,1.83,17.5
50,1,1,5.06,0.66
50,1,2,0.82,24.17
50,2,0,0.3,24.81
50,2,1,5.01,0.82
50,2,2,1.17,24.56
51,0,0,7.9,0.65
51,0,1,6.69,0.29
51,0,2,2.89,25.9
51,1,0,6.1,21.57
51,1,1,6.38,0.53
51,1,2,4.39,25.71
51,2,0,5.63,25.86
51,2,1,5.7,0.11
51,2,2,4.9,26.24
52,0,0,2.43,0.15
52,0,1,3.15,-0.85
52,0,2,4.52,26.17
52,1,0,5.92,23.45
52,1,1,3.23,-1.68
52,1,2,5.06,26.31
52,2,0,6.35,25.82
52,2,1,3.22,-1.01
52,2,2,5.41,26.43
53,0,0,4.97,0.58
53,0,1,5.09,-0.26
53,0,2,0.77,24.87
53,1,0,3.91,17.07
53,1,1,4.98,0.78
53,1,2,1.46,24.13
53,2,0,3.6,24.51
53,2,1,4.77,0.27
53,2,2,2.44,24.78
54,0,0,4.04,0.33
54,0,1,4.74,-0.16
54,0,2,4.49,24.4
54,1,0,5.92,19.26
54,1,1,4.76,-0.9
54,1,2,4.93,25.05
54,2,0,6.47,24.31
54,2,1,4.28,-1.28
54,2,2,5.53,24.76
55,0,0,-0.42,-0.87
55,0,1,0.68,-1.84
55,0,2,5.51,25.47
55,1,0,1.99,17.83
55,1,1,0.11,-1.85
55,1,2,4.73,25.11
55,2,0,2.67,24.32
55,2,1,1.72,-1.61
55,2,2,3.66,24.16
56,0,0,1.63,-1.26
56,0,1,2.97,-1.67
56,0,2,3.28,19.84
56,1,0,4.11,17.95
56,1,1,2.19,-1.09
56,1,2,5.02,17.17
56,2,0,6.78,5.43
56,2,1,2.35,-0.79
56,2,2,5.49,15.15
57,0,0,4.72,0.25
57,0,1,5.07,-0.23
57,0,2,0.36,24.82
57,1,0,3.46,15.68
57,1,1,4.93,0.87
57,1,2,0.9,25.19
57,2,0,2.64,24.23
57,2,1,4.61,0.5
57,2,2,1.77,24.5
58,0,0,1.42,-1.25
58,0,1,2.29,-1.27
58,0,2,4.09,24.26
58,1,0,5.56,20.52
58,1,1,2.17,-2.35
58,1,2,5.3,24.75
58,2,0,6.17,24.3
58,2,1,2.6,-2.55
58,2,2,5.37,24.69
59,0,0,0.71,-1.58
59,0,1,1.61,-1.84
59,0,2,4.9,25.15
59,1,0,6.85,23.57
59,1,1,2.82,-2.48
59,1,2,8.08,26.2
59,2,0,7.22,25.69
59,2,1,2.97,-2.58
59,2,2,8.46,26.08
60,0,0,0.03,-0.23
60,0,1,1.08,-1.27
60,0,2,6.01,26.9
60,1,0,6.0,19.98
60,1,1,1.36,-0.91
60,1,2,6.2,26.53
60,2,0,7.65,26.0
60,2,1,2.17,-1.48
60,2,2,6.67,25.98
61,0,0,4.95,0.8
61,0,1,4.97,-0.3
61,0,2,0.44,24.64
61,1,0,2.39,17.05
61,1,1,4.9,1.06
61,1,2,1.03,23.88
61,2,0,1.73,22.89
61,2,1,4.76,0.63
61,2,2,0.83,23.99
62,0,0,0.54,-0.01
62,0,1,1.66,-0.83
62,0,2,2.76,23.84
62,1,0,7.19,19.5
62,1,1,1.23,-0.44
62,1,2,5.83,24.57
62,2,0,9.06,24.53
62,2,1,1.96,0.07
62,2,2,7.99,24.91
63,0,0,1.4,2.18
63,0,1,2.12,1.32
63,0,2,7.43,26.21
63,1,0,3.1,22.28
63,1,1,3.59,-0.18
63,1,2,4.42,25.51
63,2,0,3.05,25.56
63,2,1,3.86,-0.97
63,2,2,4.17,25.34
64,0,0,0.47,-1.36
64,0,1,1.38,-2.13
64,0,2,4.5,25.45
64,1,0,1.55,18.74
64,1,1,1.31,-2.12
64,1,2,3.92,25.5
64,2,0,1.77,25.55
64,2,1,2.46,-2.08
64,2,2,2.83,25.21
65,0,0,4.97,0.76
65,0,1,5.04,-0.4
65,0,2,0.26,26.45
65,1,0,3.56,18.1
65,1,1,5.06,0.68
65,1,2,0.39,26.22
65,2,0,2.52,25.93
65,2,1,4.85,0.89
65,2,2,1.25,26.22
66,0,0,3.86,-1.07
66,0,1,2.47,-1.25
66,0,2,4.24,26.63
66,1,0,0.71,22.12
66,1,1,3.1,-2.62
66,1,2,2.47,25.76
66,2,0,0.16,26.22
66,2,1,3.64,-2.16
66,2,2,1.41,26.45
67,0,0,0.62,-0.4
67,0,1,1.64,-0.94
67,0,2,2.34,25.87
67,1,0,6.09,22.93
67,1,1,2.25,-1.46
67,1,2,5.28,25.7
67,2,0,6.62,25.19
67,2,1,2.47,-1.74
67,2,2,5.69,25.14
68,0,0,3.66,-0.23
68,0,1,2.49,-0.63
68,0,2,4.6,26.46
68,1,0,2.45,18.92
68,1,1,3.07,-0.88
68,1,2,3.67,26.75
68,2,0,1.94,26.63
68,2,1,3.85,-1.75
68,2,2,3.11,26.28
69,0,0,5.1,0.55
69,0,1,5.1,-0.17
69,0,2,0.22,26.56
69,1,0,0.62,17.13
69,1,1,5.1,0.9
69,1,2,0.18,26.19
69,2,0,-1.96,25.6
69,2,1,5.04,0.81
69,2,2,-0.7,26.32
70,0,0,2.94,-0.07
70,0,1,3.93,-0.44
70,0,2,-0.53,24.93
70,1,0,2.56,20.77
70,1,1,3.97,-1.83
70,1,2,3.06,26.17
70,2,0,2.27,25.99
70,2,1,4.4,-2.76
70,2,2,3.5,25.67
71,0,0,8.09,-1.39
71,0,1,7.18,-2.27
71,0,2,3.3,26.1
71,1,0,1.27,21.23
71,1,1,7.31,-1.87
71,1,2,1.5,25.69
71,2,0,-0.14,25.46
71,2,1,6.68,-2.14
71,2,2,0.85,25.82
72,0,0,2.41,-2.43
72,0,1,3.16,-2.84
72,0,2,1.77,25.45
72,1,0,6.5,19.29
72,1,1,2.24,-2.99
72,1,2,5.1,25.48
72,2,0,7.43,25.46
72,2,1,2.79,-2.35
72,2,2,6.64,25.17
73,0,0,5.02,0.54
73,0,1,5.07,-0.22
73,0,2,0.25,27.33
73,1,0,0.55,17.74
73,1,1,5.19,1.03
73,1,2,0.25,26.31
73,2,0,-2.06,25.53
73,2,1,5.0,0.74
73,2,2,-0.8,26.15
74,0,0,6.33,0.02
74,0,1,5.09,-0.17
74,0,2,-0.02,25.79
74,1,0,6.33,22.79
74,1,1,4.57,-0.07
74,1,2,4.23,27.14
74,2,0,6.21,27.04
74,2,1,4.09,-0.23
74,2,2,5.42,27.48
75,0,0,0.84,1.82
75,0,1,1.95,0.33
75,0,2,5.8,26.51
75,1,0,5.92,21.54
75,1,1,1.35,0.61
75,1,2,5.47,25.41
75,2,0,6.59,25.0
75,2,1,1.7,-0.03
75,2,2,5.7,25.18
76,0,0,1.49,0.09
76,0,1,2.34,-1.31
76,0,2,4.96,25.76
76,1,0,7.06,19.5
76,1,1,2.88,-1.81
76,1,2,6.24,25.4
76,2,0,8.37,24.75
76,2,1,3.1,-1.83
76,2,2,7.46,24.99
77,0,0,5.0,0.43
77,0,1,5.04,-0.26
77,0,2,0.52,24.59
77,1,0,1.31,16.72
77,1,1,4.92,0.9
77,1,2,1.01,23.94
77,2,0,0.03,23.61
77,2,1,4.91,0.88
77,2,2,0.99,23.15
78,0,0,6.76,0.14
78,0,1,5.68,-0.04
78,0,2,2.57,24.02
78,1,0,1.64,19.49
78,1,1,5.57,-0.43
78,1,2,2.26,24.5
78,2,0,0.39,24.15
78,2,1,5.36,-0.94
78,2,2,1.81,24.11
79,0,0,1.42,-0.5
79,0,1,2.59,-1.33
79,0,2,3.34,25.68
79,1,0,6.63,20.38
79,1,1,1.96,-1.17
79,1,2,5.57,25.71
79,2,0,7.96,25.51
79,2,1,2.31,-1.12
79,2,2,6.95,25.67
80,0,0,2.99,-0.54
80,0,1,1.89,-0.92
80,0,2,5.98,26.88
80,1,0,1.86,18.69
80,1,1,2.19,-1.29
80,1,2,3.79,26.61
80,2,0,1.45,26.12
80,2,1,3.14,-1.13
80,2,2,2.19,27.01
81,0,0,4.76,-0.02
81,0,1,3.79,-0.43
81,0,2,2.8,25.85
81,1,0,2.52,20.14
81,1,1,3.66,-0.48
81,1,2,3.03,26.02
81,2,0,1.81,26.35
81,2,1,3.94,-1.17
81,2,2,3.02,25.79
82,0,0,5.01,0.79
82,0,1,5.1,-0.1
82,0,2,0.38,24.96
82,1,0,2.42,16.94
82,1,1,4.93,0.79
82,1,2,0.51,24.5
82,2,0,1.07,25.02
82,2,1,4.71,0.5
82,2,2,0.35,25.08
83,0,0,1.72,0.6
83,0,1,2.65,-0.55
83,0,2,2.53,25.03
83,1,0,1.5,21.0
83,1,1,2.5,-0.62
83,1,2,3.03,25.15
83,2,0,1.62,25.26
83,2,1,3.14,-0.64
83,2,2,2.56,25.21
84,0,0,7.13,-0.6
84,0,1,5.94,-0.92
84,0,2,3.08,25.62
84,1,0,7.5,20.9
84,1,1,5.83,-1.08
84,1,2,4.6,25.87
84,2,0,7.56,25.94
84,2,1,5.12,-1.08
84,2,2,6.11,26.24
85,0,0,4.88,3.79
85,0,1,3.69,3.12
85,0,2,6.09,26.66
85,1,0,7.86,22.69
85,1,1,3.71,5.11
85,1,2,5.44,26.41
85,2,0,8.35,26.49
85,2,1,4.03,5.93
85,2,2,6.71,26.6
86,0,0,3.39,5.77
86,0,1,3.46,4.57
86,0,2,5.02,27.65
86,1,0,2.44,18.01
86,1,1,3.13,3.94
86,1,2,4.71,26.65
86,2,0,1.75,26.64
86,2,1,3.01,4.57
86,2,2,3.05,26.52
87,0,0,5.09,-0.15
87,0,1,5.05,-0.46
87,0,2,0.22,26.34
87,1,0,3.42,16.58
87,1,1,5.07,0.59
87,1,2,0.35,26.09
87,2,0,2.01,25.97
87,2,1,4.67,0.88
87,2,2,1.22,25.54
88,0,0,1.68,-0.79
88,0,1,2.6,-2.01
88,0,2,3.92,26.21
88,1,0,6.4,22.28
88,1,1,2.76,-2.5
88,1,2,5.64,25.84
88,2,0,6.96,26.08
88,2,1,3.02,-2.42
88,2,2,6.14,26.52
89,0,0,2.94,-2.39
89,0,1,1.63,-2.52
89,0,2,4.81,26.59
89,1,0,0.89,20.71
89,1,1,2.14,-2.42
89,1,2,2.86,26.84
89,2,0,0.27,26.53
89,2,1,3.08,-2.12
89,2,2,1.41,26.72
90,0,0,8.37,-1.08
90,0,1,7.41,-2.45
90,0,2,0.25,26.85
90,1,0,2.42,19.48
90,1,1,7.86,-2.56
90,1,2,1.67,25.84
90,2,0,0.55,25.72
90,2,1,6.99,-2.63
90,2,2,1.76,25.54
91,0,0,-0.44,-3.44
91,0,1,0.38,-3.85
91,0,2,4.44,25.59
91,1,0,7.61,21.33
91,1,1,0.35,-3.47
91,1,2,6.96,25.23
91,2,0,8.86,25.29
91,2,1,1.09,-2.96
91,2,2,7.98,25.47
92,0,0,5.05,0.38
92,0,1,5.06,-0.27
92,0,2,0.36,26.61
92,1,0,1.0,17.21
92,1,1,5.02,0.81
92,1,2,0.4,25.83
92,2,0,-1.28,25.12
92,2,1,4.96,0.74
92,2,2,-0.54,25.53
93,0,0,4.3,-0.45
93,0,1,5.19,-0.99
93,0,2,1.02,25.13
93,1,0,2.18,21.17
93,1,1,5.19,-1.37
93,1,2,2.87,24.63
93,2,0,1.81,24.96
93,2,1,5.04,-1.62
93,2,2,2.84,24.74
94,0,0,0.96,-1.08
94,0,1,1.94,-1.7
94,0,2,4.16,25.85
94,1,0,1.27,21.77
94,1,1,1.15,-1.6
94,1,2,3.24,25.79
94,2,0,1.36,26.01
94,2,1,1.81,-1.42
94,2,2,2.37,25.72
95,0,0,6.36,-0.77
95,0,1,5.36,-1.29
95,0,2,2.63,26.14
95,1,0,0.46,20.76
95,1,1,5.79,-2.38
95,1,2,2.19,25.66
95,2,0,-0.74,25.82
95,2,1,5.46,-1.75
95,2,2,0.62,25.54
96,0,0,3.95,2.61
96,0,1,4.69,1.79
96,0,2,1.69,25.84
96,1,0,6.87,22.42
96,1,1,5.1,3.67
96,1,2,4.79,26.82
96,2,0,7.5,26.59
96,2,1,4.84,4.76
96,2,2,6.32,26.71
97,0,0,5.03,0.4
97,0,1,5.04,-0.42
97,0,2,0.4,26.63
97,1,0,0.17,17.43
97,1,1,5.08,0.74
97,1,2,0.23,25.93
97,2,0,-2.49,25.66
97,2,1,4.89,0.6
97,2,2,-1.11,25.77
98,0,0,2.52,2.89
98,0,1,3.54,1.82
98,0,2,-0.03,25.3
98,1,0,6.96,21.0
98,1,1,3.27,3.85
98,1,2,4.42,25.78
98,2,0,8.08,26.51
98,2,1,3.79,5.29
98,2,2,6.98,26.58
99,0,0,2.95,2.97
99,0,1,3.02,2.43
99,0,2,5.89,30.02
99,1,0,6.22,17.32
99,1,1,2.33,1.82
99,1,2,5.86,30.29
99,2,0,8.97,29.86
99,2,1,2.01,0.81
99,2,2,8.01,29.94
100,0,0,3.33,-0.61
100,0,1,2.14,-0.71
100,0,2,7.19,27.78
100,1,0,1.05,21.18
100,1,1,2.52,-1.54
100,1,2,3.51,26.9
100,2,0,0.54,26.8
100,2,1,3.58,-1.56
100,2,2,1.56,27.09
101,0,0,1.72,-0.52
101,0,1,2.5,-1.12
101,0,2,1.95,26.5
101,1,0,5.89,22.44
101,1,1,2.87,-0.98
101,1,2,4.85,25.89
101,2,0,6.31,25.6
101,2,1,3.07,-1.04
101,2,2,5.54,26.0
102,0,0,5.03,0.43
102,0,1,5.06,-0.2
102,0,2,0.3,26.42
102,1,0,1.1,17.62
102,1,1,5.01,0.81
102,1,2,0.26,25.9
102,2,0,-1.3,25.9
102,2,1,4.91,0.99
102,2,2,-0.28,25.25
103,0,0,6.77,0.47
103,0,1,5.37,-0.18
103,0,2,1.22,25.81
103,1,0,6.79,17.66
103,1,1,5.51,-0.49
103,1,2,3.75,26.54
103,2,0,6.75,25.71
103,2,1,4.34,-0.26
103,2,2,5.8,26.32
104,0,0,2.76,1.2
104,0,1,1.77,0.53
104,0,2,5.13,26.53
104,1,0,1.05,18.57
104,1,1,1.92,0.53
104,1,2,3.24,26.47
104,2,0,0.15,26.89
104,2,1,2.96,-0.02
104,2,2,1.24,26.4
105,0,0,4.97,2.46
105,0,1,3.68,1.37
105,0,2,3.03,27.91
105,1,0,7.24,22.39
105,1,1,3.72,2.93
105,1,2,5.05,27.98
105,2,0,7.96,28.02
105,2,1,4.07,4.49
105,2,2,6.64,28.54
106,0,0,4.8,4.19
106,0,1,4.76,3.42
106,0,2,5.45,30.05
106,1,0,6.8,19.31
106,1,1,4.58,2.89
106,1,2,5.09,30.31
106,2,0,8.01,30.28
106,2,1,4.51,4.01
106,2,2,6.44,30.36
107,0,0,4.97,0.63
107,0,1,5.07,-0.26
107,0,2,0.15,27.08
107,1,0,0.29,17.74
107,1,1,4.93,0.85
107,1,2,0.03,26.31
107,2,0,-2.19,25.72
107,2,1,4.9,0.79
107,2,2,-1.22,26.33
108,0,0,7.06,0.2
108,0,1,5.88,-0.05
108,0,2,-0.17,25.4
108,1,0,6.99,20.11
108,1,1,6.16,0.02
108,1,2,2.83,26.58
108,2,0,6.94,27.68
108,2,1,5.52,1.56
108,2,2,5.76,27.88
109,0,0,1.11,1.41
109,0,1,2.01,0.67
109,0,2,6.75,27.37
109,1,0,1.54,22.28
109,1,1,2.39,0.04
109,1,2,3.49,26.55
109,2,0,1.57,26.37
109,2,1,2.95,-0.39
109,2,2,2.62,26.46
110,0,0,6.98,-0.45
110,0,1,6.07,-1.63
110,0,2,2.82,26.47
110,1,0,2.1,19.56
110,1,1,5.91,-2.22
110,1,2,2.31,25.59
110,2,0,0.79,25.37
110,2,1,5.5,-2.57
110,2,2,1.86,25.18
111,0,0,9.27,-1.81
111,0,1,7.9,-2.63
111,0,2,2.65,25.27
111,1,0,2.16,16.85
111,1,1,9.26,-2.69
111,1,2,2.43,24.87
111,2,0,-0.5,23.54
111,2,1,7.89,-2.35
111,2,2,0.46,23.68
112,0,0,5.04,0.67
112,0,1,5.02,-0.26
112,0,2,0.26,26.38
112,1,0,2.58,17.23
112,1,1,4.96,0.61
112,1,2,0.31,25.86
112,2,0,0.99,25.83
112,2,1,4.84,1.01
112,2,2,0.13,26.67
113,0,0,4.77,1.09
113,0,1,3.41,0.82
113,0,2,2.35,26.62
113,1,0,6.1,18.07
113,1,1,3.63,0.91
113,1,2,3.96,27.51
113,2,0,6.75,26.36
113,2,1,3.47,0.28
113,2,2,5.75,26.22
114,0,0,0.9,0.75
114,0,1,1.89,0.37
114,0,2,5.09,26.31
114,1,0,6.3,18.98
114,1,1,1.97,-0.11
114,1,2,6.32,25.78
114,2,0,8.13,25.44
114,2,1,2.61,-0.91
114,2,2,7.27,25.53
115,0,0,-0.01,0.8
115,0,1,0.79,-0.03
115,0,2,6.02,25.82
115,1,0,5.94,21.87
115,1,1,1.85,-1.16
115,1,2,7.54,25.65
115,2,0,6.69,25.51
115,2,1,2.53,-1.73
115,2,2,7.91,25.49
116,0,0,-0.28,-2.04
116,0,1,0.68,-2.32
116,0,2,6.52,25.28
116,1,0,5.34,19.34
116,1,1,1.04,-2.4
116,1,2,7.28,24.86
116,2,0,6.22,23.5
116,2,1,1.76,-2.24
116,2,2,7.51,23.59
117,0,0,1.19,6.17
117,0,1,2.16,4.71
117,0,2,5.55,23.79
117,1,0,7.05,21.23
117,1,1,2.32,7.02
117,1,2,6.22,24.24
117,2,0,8.1,23.98
117,2,1,2.98,7.16
117,2,2,6.92,24.1
118,0,0,4.99,0.42
118,0,1,5.02,-0.33
118,0,2,0.33,26.53
118,1,0,1.07,17.18
118,1,1,4.91,0.61
118,1,2,0.39,26.02
118,2,0,-1.32,25.4
118,2,1,4.89,0.64
118,2,2,-0.28,26.0
119,0,0,4.26,-0.69
119,0,1,3.0,-0.53
119,0,2,1.78,26.01
119,1,0,7.01,20.11
119,1,1,2.68,-1.11
119,1,2,4.68,26.82
119,2,0,7.57,27.32
119,2,1,2.79,-1.31
119,2,2,6.78,27.36
120,0,0,1.58,-0.98
120,0,1,0.37,-1.37
120,0,2,6.81,28.23
120,1,0,6.94,21.67
120,1,1,1.03,-1.67
120,1,2,6.17,27.47
120,2,0,8.08,27.68
120,2,1,1.69,-1.53
120,2,2,7.14,27.97
121,0,0,-0.42,0.46
121,0,1,0.29,-0.28
121,0,2,6.52,25.87
121,1,0,6.48,19.99
121,1,1,1.76,-0.86
121,1,2,6.79,24.9
121,2,0,7.44,23.74
121,2,1,2.47,-1.13
121,2,2,6.87,24.6
122,0,0,3.0,0.22
122,0,1,3.8,-0.65
122,0,2,5.02,25.38
122,1,0,6.35,21.38
122,1,1,3.88,-1.82
122,1,2,5.41,25.15
122,2,0,6.61,25.02
122,2,1,3.7,-1.95
122,2,2,5.84,25.05
123,0,0,0.08,-0.27
123,0,1,1.21,-1.77
123,0,2,4.81,25.81
123,1,0,6.12,20.29
123,1,1,1.15,-1.57
123,1,2,5.81,25.72
123,2,0,7.1,24.97
123,2,1,1.76,-1.76
123,2,2,6.44,25.56
124,0,0,1.92,-2.31
124,0,1,2.56,-2.9
124,0,2,5.13,25.14
124,1,0,5.86,21.05
124,1,1,3.19,-2.68
124,1,2,5.4,25.34
124,2,0,6.35,24.89
124,2,1,3.37,-2.41
124,2,2,5.54,25.53
125,0,0,4.98,0.58
125,0,1,5.05,-0.26
125,0,2,0.37,25.03
125,1,0,1.16,17.55
125,1,1,5.05,0.57
125,1,2,0.68,23.57
125,2,0,-0.52,23.66
125,2,1,4.93,0.63
125,2,2,0.45,23.78
126,0,0,5.05,0.2
126,0,1,3.74,-0.43
126,0,2,2.31,24.56
126,1,0,1.9,18.71
126,1,1,3.84,-0.79
126,1,2,2.36,25.0
126,2,0,1.0,24.99
126,2,1,4.26,-1.08
126,2,2,1.96,25.45
127,0,0,6.32,-1.01
127,0,1,5.22,-1.5
127,0,2,3.12,26.04
127,1,0,1.23,18.7
127,1,1,5.25,-1.39
127,1,2,2.45,25.74
127,2,0,-0.62,25.82
127,2,1,4.96,-1.65
127,2,2,0.49,25.54
128,0,0,7.54,0.52
128,0,1,6.21,-0.44
128,0,2,2.48,27.09
128,1,0,5.82,20.21
128,1,1,6.11,0.31
128,1,2,3.65,27.47
128,2,0,5.4,26.89
128,2,1,5.14,-0.36
128,2,2,4.53,27.18
129,0,0,0.94,-0.71
129,0,1,1.78,-2.18
129,0,2,4.58,26.17
129,1,0,5.75,21.01
129,1,1,2.04,-2.48
129,1,2,5.4,25.21
129,2,0,6.48,24.28
129,2,1,2.48,-1.68
129,2,2,5.64,24.6
130,0,0,2.97,-1.91
130,0,1,1.74,-2.16
130,0,2,4.74,25.03
130,1,0,2.14,19.61
130,1,1,2.35,-2.11
130,1,2,3.46,25.81
130,2,0,1.86,25.11
130,2,1,3.11,-2.14
130,2,2,2.76,25.01
131,0,0,8.67,-2.48
131,0,1,7.25,-2.93
131,0,2,3.08,25.52
131,1,0,6.85,23.49
131,1,1,7.25,-2.4
131,1,2,5.38,25.21
131,2,0,6.7,25.97
131,2,1,6.45,-2.53
131,2,2,5.71,26.13
132,0,0,5.02,0.52
132,0,1,4.99,-0.23
132,0,2,0.32,26.61
132,1,0,3.38,17.19
132,1,1,4.97,0.66
132,1,2,0.53,26.37
132,2,0,2.36,26.08
132,2,1,4.81,1.04
132,2,2,1.28,26.04
133,0,0,4.57,-0.84
133,0,1,3.45,-1.39
133,0,2,3.76,27.54
133,1,0,1.96,18.1
133,1,1,3.43,-1.84
133,1,2,2.73,27.25
133,2,0,0.62,26.68
133,2,1,4.41,-2.27
133,2,2,1.7,26.78
134,0,0,2.86,-0.94
134,0,1,3.96,-1.59
134,0,2,3.79,26.13
134,1,0,6.92,18.99
134,1,1,3.44,-1.72
134,1,2,5.87,25.97
134,2,0,8.02,25.52
134,2,1,3.26,-2.01
134,2,2,7.3,25.96
135,0,0,-0.67,-1.0
135,0,1,0.09,-1.86
135,0,2,5.78,25.91
135,1,0,6.02,19.47
135,1,1,0.83,-1.73
135,1,2,6.27,25.51
135,2,0,7.36,24.92
135,2,1,1.7,-1.85
135,2,2,6.6,25.12
136,0,0,1.24,-0.69
136,0,1,2.0,-1.53
136,0,2,5.68,25.49
136,1,0,5.44,20.54
136,1,1,3.25,-2.48
136,1,2,6.96,25.25
136,2,0,5.76,24.86
136,2,1,3.53,-2.88
136,2,2,7.08,25.08
137,0,0,0.34,-1.89
137,0,1,1.03,-2.53
137,0,2,5.26,25.42
137,1,0,5.11,20.49
137,1,1,2.54,-2.63
137,1,2,6.72,25.41
137,2,0,5.65,24.97
137,2,1,3.2,-2.27
137,2,2,6.79,24.73
138,0,0,-0.94,-1.01
138,0,1,0.05,-1.7
138,0,2,5.71,22.51
138,1,0,1.34,19.43
138,1,1,1.27,-0.48
138,1,2,2.38,19.28
138,2,0,1.82,2.42
138,2,1,2.82,0.18
138,2,2,1.84,16.0
139,0,0,1.91,0.47
139,0,1,2.86,-0.02
139,0,2,2.71,15.79
139,1,0,1.73,15.45
139,1,1,3.45,0.29
139,1,2,3.59,15.57
139,2,0,3.17,3.9
139,2,1,4.04,1.22
139,2,2,3.04,15.36
