"0","8","8","7","6","4","7","7","8","7","6","6","7","8","7","4","30","6","10","8","22","9","38","6","33","6","13","8","39","4","31","4","33","6","14","25","6","36","6","20","42","8","12","37","4","15","28","7","10","27","7","12","37","8","31","40","40","6","38","39","39","7","38","36","36","7","20","36","25","5","18","8","32","6","24","36","38","2","10","36","27","14","8","25","25","35","25","6","39","21","8","36","4","10","32","12","29","6","34","37","22","33","5","24","24","32","33","6","22","31","10","11","6","29","38","39","38","36","4","34","38","39","34","36","36","6","12","10","12","37","28","13","6","14","34","36","38","38","38","26"
"8","0","6","6","6","9","7","8","6","8","7","9","7","11","8","10","30","8","11","6","21","7","34","3","32","8","18","9","38","8","30","8","31","8","18","26","8","39","6","20","40","8","15","35","8","16","30","9","14","29","6","12","34","5","29","38","40","6","37","40","36","4","37","34","35","6","20","33","26","7","18","10","32","8","25","34","37","8","14","34","28","16","4","23","24","34","27","7","35","24","11","34","8","8","30","13","28","9","32","38","23","29","8","24","24","32","34","8","21","30","12","14","6","28","36","39","40","36","8","34","36","37","33","36","34","8","14","12","14","36","28","12","8","18","33","34","40","38","39","26"
"8","6","0","3","9","10","1","10","2","2","4","12","4","10","10","12","26","10","12","3","24","5","36","6","28","2","20","12","36","8","27","11","29","2","18","24","4","36","2","22","37","2","18","34","9","14","26","2","14","24","7","8","34","4","30","42","38","4","37","42","38","6","34","38","38","4","22","34","30","10","20","14","28","12","22","36","38","8","16","32","30","17","6","26","20","30","28","4","34","26","12","32","9","10","34","16","26","12","28","36","27","30","8","22","28","28","30","10","16","36","16","16","6","27","38","41","42","34","9","30","35","40","34","35","34","9","17","14","10","35","32","10","2","20","32","36","42","39","42","27"
"7","6","3","0","8","10","2","9","4","3","2","12","5","10","11","11","28","9","11","5","24","6","36","6","30","2","18","10","38","8","29","10","30","4","18","24","4","37","4","22","38","4","16","34","10","14","27","4","15","24","6","10","34","6","30","42","38","5","38","41","36","8","36","37","38","3","22","33","29","10","19","12","30","10","24","37","37","8","16","33","30","17","8","27","22","30","28","2","35","25","10","34","10","12","34","14","26","10","30","38","27","30","9","21","27","28","32","12","17","35","14","14","6","26","37","41","40","34","9","32","35","39","34","36","34","8","16","13","12","34","31","10","2","20","33","35","41","38","40","26"
"6","6","9","8","0","4","8","4","8","10","9","6","10","6","6","5","34","4","12","10","18","12","36","6","34","10","14","5","42","4","35","4","36","10","14","30","10","42","8","16","42","10","12","39","4","20","34","11","10","32","6","16","39","10","34","36","42","10","40","42","39","9","41","31","32","10","20","38","24","4","20","8","34","5","30","36","40","4","10","38","26","15","8","22","28","38","23","10","40","21","12","38","4","10","28","11","32","4","34","40","22","34","3","30","22","36","38","4","26","29","8","11","10","34","40","40","40","38","5","38","40","41","37","38","38","6","14","9","17","39","26","16","9","14","36","38","40","38","36","28"
"4","9","10","10","4","0","8","3","12","9","8","6","10","4","6","4","35","4","12","10","20","12","36","7","34","8","10","4","42","2","36","3","35","8","12","30","8","41","9","15","44","10","12","40","3","20","34","9","8","30","10","16","40","11","34","36","42","9","42","42","42","8","42","34","34","10","18","40","24","3","22","8","34","4","29","38","42","4","10","39","26","16","9","26","28","36","22","8","42","20","12","39","3","12","29","10","30","4","36","39","22","36","2","27","24","34","35","3","24","30","8","8","7","34","42","42","39","38","2","38","40","42","38","40","38","7","13","10","16","40","27","17","8","13","38","40","41","40","35","28"
"7","7","1","2","8","8","0","10","4","1","2","12","4","10","10","10","27","10","12","3","23","6","34","6","28","2","18","11","37","8","28","10","30","2","18","24","2","36","2","22","38","2","18","34","8","14","28","2","14","24","8","10","34","4","30","40","37","4","37","42","36","6","35","38","37","4","22","34","29","10","20","14","28","11","24","36","38","6","16","32","30","16","6","26","21","31","26","3","36","25","12","33","8","12","32","14","26","12","30","36","28","30","8","21","28","28","30","10","17","36","14","15","6","26","37","41","41","34","8","32","36","40","34","35","34","9","17","14","10","35","31","10","2","20","32","35","42","39","41","26"
"7","8","10","9","4","3","10","0","10","10","8","5","11","2","6","4","36","4","12","12","18","11","36","8","37","10","12","4","42","3","38","4","36","10","12","30","9","42","10","14","44","12","11","40","4","22","35","11","10","32","8","18","40","12","34","34","42","10","42","42","41","10","42","32","32","9","18","38","24","4","21","8","36","2","31","37","42","4","12","40","25","17","10","26","30","38","21","9","42","20","10","40","4","12","28","9","32","2","38","41","22","36","2","28","23","37","38","4","26","28","9","8","10","34","42","41","38","38","4","40","40","41","38","40","38","6","14","8","18","38","26","18","10","14","38","40","41","38","34","27"
"8","6","2","4","8","12","4","10","0","4","4","12","4","12","11","12","28","10","14","4","26","4","36","6","30","4","20","12","38","10","28","12","30","5","20","24","4","36","4","22","38","4","20","34","10","16","28","6","16","25","8","10","36","3","30","42","37","4","38","42","37","6","36","38","39","5","25","34","32","10","20","15","30","10","24","34","36","8","18","34","33","18","8","26","22","32","28","6","36","28","10","34","9","11","35","18","27","12","29","38","28","30","10","24","30","30","33","10","19","36","15","16","8","28","38","42","42","34","10","32","38","39","34","35","36","8","18","16","12","34","34","11","5","22","32","36","42","40","40","28"
"7","8","2","3","10","9","1","10","4","0","3","12","4","10","10","11","28","10","12","2","23","4","34","6","28","2","19","12","36","8","28","10","30","2","20","24","3","35","2","21","38","2","17","33","8","12","28","2","14","24","7","10","34","5","29","40","38","4","36","40","36","6","34","37","36","3","22","33","28","10","19","13","26","12","22","35","36","7","15","32","30","16","6","26","21","32","26","4","36","24","10","32","8","11","32","14","26","12","30","34","27","30","8","20","28","30","30","10","17","34","14","14","5","26","36","40","40","34","8","31","36","38","32","34","34","8","16","14","10","34","30","11","2","19","31","34","41","38","41","26"
"6","7","4","2","9","8","2","8","4","3","0","9","3","10","11","9","30","8","14","5","24","4","34","6","29","1","18","9","36","8","30","9","29","2","19","24","1","36","3","20","39","3","18","32","6","14","28","3","16","24","8","11","34","4","29","40","36","3","36","40","36","5","34","38","38","2","24","34","30","9","20","14","29","8","24","34","36","7","16","32","30","18","8","28","22","32","28","4","36","26","12","34","7","12","34","16","24","10","30","36","28","30","8","22","30","30","31","8","18","34","14","14","6","28","36","41","39","32","6","32","36","38","32","34","34","8","17","16","11","33","32","12","2","19","32","34","40","39","38","25"
"6","9","12","12","6","6","12","5","12","12","9","0","10","4","4","4","36","5","13","12","17","12","34","7","36","10","12","6","42","4","36","4","36","10","12","30","10","41","12","14","45","12","10","39","4","20","35","12","9","32","10","18","40","11","34","34","40","10","40","40","38","9","41","32","31","11","17","38","22","4","20","6","36","3","30","36","40","6","10","39","24","14","10","23","30","40","20","12","42","18","12","39","4","10","28","10","32","2","37","40","20","36","6","29","22","38","38","4","28","26","8","8","10","34","40","38","36","39","4","39","42","38","37","38","38","6","12","8","18","39","26","18","11","12","36","37","38","38","34","25"
"7","7","4","5","10","10","4","11","4","4","3","10","0","12","11","11","27","10","14","5","26","4","35","6","27","2","20","12","34","10","27","10","28","3","20","22","2","35","4","22","38","2","20","32","9","13","26","3","16","24","10","9","34","2","28","42","36","2","36","40","36","5","32","38","39","4","24","33","30","9","20","13","28","10","21","34","34","8","18","31","31","19","8","26","20","31","29","6","34","27","13","32","8","12","34","19","24","10","28","34","28","28","10","21","30","28","30","9","17","34","16","16","7","26","35","40","40","32","10","30","36","38","32","32","34","10","17","17","10","34","32","10","4","20","30","34","40","40","40","27"
"8","11","10","10","6","4","10","2","12","10","10","4","12","0","4","4","36","5","13","12","17","12","34","8","38","10","10","5","44","4","37","5","38","10","12","30","10","42","10","14","45","12","9","40","4","21","36","10","8","31","10","18","42","14","37","33","42","12","43","44","40","10","43","32","31","12","16","41","22","6","22","6","36","4","31","38","44","5","8","40","24","14","10","25","30","40","18","10","44","18","12","41","4","12","27","8","34","3","39","41","20","38","3","30","22","38","38","4","26","28","6","6","10","35","43","41","38","42","4","40","42","40","40","42","40","8","13","6","18","40","25","19","9","12","40","40","40","38","34","26"
"7","8","10","11","6","6","10","6","11","10","11","4","11","4","0","6","32","7","10","10","17","12","36","7","35","11","13","7","42","4","34","6","36","10","12","30","12","40","8","16","42","12","10","40","6","21","34","12","8","31","8","16","40","11","36","35","42","11","41","41","38","10","40","30","31","12","15","38","22","5","20","6","34","7","28","38","42","6","8","40","24","10","8","20","28","38","22","11","40","19","11","38","6","8","26","9","34","6","36","40","19","34","5","29","20","36","38","6","26","28","8","10","9","34","40","38","38","41","4","36","40","40","39","39","38","6","10","6","18","40","25","16","10","12","38","38","38","37","36","26"
"4","10","12","11","5","4","10","4","12","11","9","4","11","4","6","0","34","5","12","11","20","12","35","8","38","10","12","5","44","4","35","2","38","10","13","28","10","39","10","16","47","12","10","40","3","18","34","11","9","28","11","16","41","12","35","36","42","10","42","43","42","8","42","34","34","12","18","40","23","2","22","6","36","2","28","36","42","5","10","40","25","15","10","26","28","38","22","10","43","19","10","40","2","12","30","10","34","4","38","40","20","36","4","28","22","36","36","2","26","28","7","6","8","32","42","42","39","41","3","38","40","40","38","40","40","7","12","8","16","40","26","16","9","12","38","40","42","41","36","28"
"30","30","26","28","34","35","27","36","28","28","30","36","27","36","32","34","0","36","28","26","39","29","36","30","10","29","39","38","18","33","2","34","14","28","36","14","30","16","27","46","18","28","36","19","34","23","6","28","36","14","32","20","18","26","14","30","25","27","18","21","22","28","16","34","30","30","41","18","35","34","28","34","12","36","8","21","20","32","32","18","36","30","27","30","10","17","38","28","18","40","30","18","34","31","30","36","13","37","11","18","40","14","34","13","38","10","13","34","16","37","34","37","29","7","20","24","28","20","34","4","19","24","18","20","19","34","32","33","21","21","32","19","28","38","15","22","26","25","40","35"
"6","8","10","9","4","4","10","4","10","10","8","5","10","5","7","5","36","0","12","12","20","8","34","7","34","8","13","2","40","4","36","4","34","8","14","27","8","40","10","14","44","10","13","38","3","20","34","10","11","30","6","17","38","12","32","36","39","10","40","40","40","10","40","33","34","9","19","37","24","4","20","9","34","2","30","36","39","6","12","38","26","16","10","25","30","38","23","9","39","20","10","38","3","10","29","12","30","5","36","42","22","34","4","27","24","36","38","5","24","28","10","8","8","34","40","40","36","37","2","39","40","39","36","38","36","4","13","10","18","36","27","18","10","16","36","37","38","37","34","24"
"10","11","12","11","12","12","12","12","14","12","14","13","14","13","10","12","28","12","0","10","18","13","39","10","32","14","16","12","37","10","28","10","33","12","16","28","14","38","12","22","39","14","10","38","12","16","29","13","14","29","11","12","36","12","31","40","44","12","34","34","38","12","38","33","34","14","17","34","20","12","12","12","32","12","23","40","38","10","8","37","24","9","9","20","22","38","27","11","36","20","8","38","12","8","32","10","30","13","34","39","21","33","12","22","21","30","34","13","21","30","12","14","12","26","36","36","39","37","11","30","36","38","38","38","36","11","8","10","13","38","24","13","12","14","36","37","36","36","42","28"
"8","6","3","5","10","10","3","12","4","2","5","12","5","12","10","11","26","12","10","0","22","4","34","6","29","4","20","13","35","9","26","10","32","4","20","24","5","33","4","22","38","4","16","32","10","11","28","4","15","24","8","6","34","4","27","40","38","4","34","38","34","5","34","36","36","6","22","31","27","10","17","12","28","12","21","34","34","7","14","31","30","14","5","24","20","34","26","5","34","26","9","32","9","8","32","14","28","12","32","33","26","28","10","20","26","30","30","10","18","33","12","14","7","24","34","38","40","36","9","28","34","38","32","32","34","9","15","12","8","33","29","9","4","18","30","33","38","37","42","28"
"22","21","24","24","18","20","23","18","26","23","24","17","26","17","17","20","39","20","18","22","0","24","24","20","35","24","14","18","30","18","40","20","36","25","14","40","25","38","24","11","37","24","14","31","20","30","38","24","16","40","20","28","32","24","32","22","37","24","31","29","31","24","31","19","17","25","12","32","12","20","18","18","33","20","36","32","34","21","16","32","14","14","20","12","36","37","12","26","32","10","24","32","20","18","16","14","37","18","36","34","12","34","18","35","11","38","32","20","36","17","18","18","22","38","32","30","27","33","19","38","32","32","34","32","30","20","16","16","28","32","14","28","24","13","33","31","30","27","28","24"
"9","7","5","6","12","12","6","11","4","4","4","12","4","12","12","12","29","8","13","4","24","0","32","6","29","4","20","11","34","10","28","11","30","4","20","24","4","33","4","20","39","4","18","31","9","12","29","4","16","22","7","8","32","4","27","39","36","4","35","39","36","5","34","38","38","4","22","32","30","10","18","12","29","10","21","32","34","10","16","31","28","18","7","26","20","34","26","6","32","26","9","32","10","10","33","16","27","12","31","35","26","27","11","20","29","31","30","10","18","33","14","12","6","27","34","40","38","35","9","30","34","36","32","33","32","6","15","15","10","31","31","10","6","19","30","34","39","38","40","26"
"38","34","36","36","36","36","34","36","36","34","34","34","35","34","36","35","36","34","39","34","24","32","0","34","30","33","34","34","23","36","34","37","30","34","33","30","34","25","36","24","32","34","32","19","34","36","33","34","35","30","37","37","24","34","25","18","15","34","24","25","22","34","22","24","21","34","28","24","26","36","32","34","27","34","36","20","22","36","36","22","22","32","36","26","34","26","22","36","23","25","38","22","36","35","20","34","32","34","30","24","24","25","36","35","24","32","24","36","39","20","35","33","35","30","21","24","20","24","36","33","22","20","24","22","22","34","35","36","36","20","24","37","35","30","24","20","24","22","16","17"
"6","3","6","6","6","7","6","8","6","6","6","7","6","8","7","8","30","7","10","6","20","6","34","0","32","6","17","8","38","6","30","7","33","6","16","28","6","38","6","20","42","7","14","35","6","16","30","8","13","28","6","11","36","5","30","38","40","6","36","40","38","4","38","34","35","6","20","34","26","6","18","9","32","7","24","34","38","6","12","34","28","15","3","23","24","36","25","8","36","24","10","36","6","8","30","12","30","8","34","38","24","30","6","24","25","34","34","6","22","30","10","11","6","29","37","40","39","38","6","33","38","38","34","35","35","6","13","10","12","36","28","12","6","16","32","36","39","38","39","26"
"33","32","28","30","34","34","28","37","30","28","29","36","27","38","35","38","10","34","32","29","35","29","30","32","0","28","41","34","14","34","10","38","8","28","38","14","28","22","28","38","11","26","40","14","34","30","8","27","37","14","30","26","16","28","15","26","20","28","16","18","20","32","10","32","26","28","41","17","36","36","26","38","10","38","15","21","18","34","38","12","36","32","30","28","15","16","40","31","16","36","36","12","36","32","28","40","6","38","4","20","40","12","36","18","39","8","13","36","16","35","41","41","30","14","18","24","24","14","35","11","18","22","20","16","16","32","34","40","26","18","33","26","30","40","14","17","23","22","33","26"
"6","8","2","2","10","8","2","10","4","2","1","10","2","10","11","10","29","8","14","4","24","4","33","6","28","0","18","10","35","8","28","10","28","2","19","24","1","36","4","20","38","2","18","32","8","13","28","2","15","24","8","10","33","4","28","40","36","2","36","40","36","5","33","38","38","2","23","33","30","9","19","13","28","10","22","34","36","7","16","30","30","18","8","27","22","32","27","4","34","25","12","32","8","12","33","16","24","10","28","36","27","29","8","20","30","29","30","9","18","33","14","14","6","27","35","40","38","32","7","32","36","38","32","34","33","8","16","16","10","33","32","10","2","19","30","34","40","38","39","25"
"13","18","20","18","14","10","18","12","20","19","18","12","20","10","13","12","39","13","16","20","14","20","34","17","41","18","0","13","41","12","40","11","40","18","6","36","18","42","18","13","48","20","8","41","12","25","37","19","7","38","17","22","38","22","36","34","42","18","42","40","40","18","40","30","30","18","11","43","18","12","26","10","40","12","33","40","42","14","11","40","18","17","18","24","33","36","18","16","42","10","18","41","13","18","26","12","36","10","40","40","15","42","12","30","18","36","35","12","28","25","13","12","15","37","42","40","36","38","12","42","38","40","40","41","38","16","13","10","21","40","20","22","17","10","40","39","38","37","31","29"
"8","9","12","10","5","4","11","4","12","12","9","6","12","5","7","5","38","2","12","13","18","11","34","8","34","10","13","0","40","6","38","4","33","10","12","26","10","42","12","12","43","12","11","36","4","22","34","12","12","30","8","19","38","13","34","34","40","12","40","40","39","11","39","30","32","10","16","37","22","5","20","9","34","4","32","35","38","7","12","38","23","16","12","24","30","36","24","11","38","17","12","37","4","12","28","10","30","5","35","42","20","33","4","28","22","35","38","5","26","26","10","8","10","34","39","39","34","36","4","40","38","38","38","38","35","6","12","10","18","35","25","19","10","13","38","36","38","36","32","24"
"39","38","36","38","42","42","37","42","38","36","36","42","34","44","42","44","18","40","37","35","30","34","23","38","14","35","41","40","0","40","16","42","12","36","41","20","36","10","36","38","14","34","40","4","40","31","16","34","44","19","38","32","5","34","10","15","14","34","6","9","9","36","4","23","19","36","36","6","30","42","28","42","10","43","20","10","6","40","40","5","27","34","37","24","20","14","29","38","4","33","38","6","42","34","22","42","16","44","12","8","32","9","42","20","32","15","10","42","28","23","42","44","36","16","6","12","14","9","40","13","8","10","8","6","6","38","36","44","31","8","28","32","37","37","6","8","10","12","28","28"
"4","8","8","8","4","2","8","3","10","8","8","4","10","4","4","4","33","4","10","9","18","10","36","6","34","8","12","6","40","0","34","4","34","8","13","28","8","40","7","16","42","10","11","38","2","19","33","8","9","30","8","16","38","10","34","36","41","9","40","42","40","8","40","33","33","8","18","38","24","4","20","8","32","5","28","37","41","2","9","38","26","14","8","24","28","38","21","8","40","20","10","38","2","10","28","10","30","5","36","40","22","35","2","26","23","35","36","4","24","30","8","10","6","32","40","40","38","38","2","37","40","41","38","38","38","6","12","8","16","38","26","16","7","14","36","38","40","38","36","26"
"31","30","27","29","35","36","28","38","28","28","30","36","27","37","34","35","2","36","28","26","40","28","34","30","10","28","40","38","16","34","0","34","14","28","38","14","28","16","28","45","18","26","36","18","34","22","6","26","35","14","32","20","16","26","12","30","24","28","16","20","21","29","15","34","30","30","39","16","34","34","28","33","12","36","7","20","18","32","31","16","35","29","26","30","8","16","38","30","16","38","30","17","34","30","30","37","12","38","11","16","39","13","36","12","38","9","11","34","14","35","34","36","28","6","19","24","27","19","34","5","18","22","18","18","18","32","30","33","20","20","32","19","28","36","14","20","24","26","40","34"
"4","8","11","10","4","3","10","4","12","10","9","4","10","5","6","2","34","4","10","10","20","11","37","7","38","10","11","4","42","4","34","0","36","8","12","27","10","39","10","16","46","12","10","40","4","18","32","10","10","30","10","15","40","11","34","38","42","9","41","42","41","8","42","33","35","10","16","38","22","2","21","6","36","2","28","36","40","5","9","40","24","14","8","26","28","36","22","8","42","18","8","40","2","12","30","9","32","4","38","38","20","35","4","26","22","35","36","3","24","28","7","7","8","32","40","40","38","39","2","37","38","40","37","40","38","6","11","8","15","39","25","16","9","12","38","38","40","40","36","27"
"33","31","29","30","36","35","30","36","30","30","29","36","28","38","36","38","14","34","33","32","36","30","30","33","8","28","40","33","12","34","14","36","0","29","39","13","28","18","30","38","14","29","40","12","34","30","9","28","40","16","32","29","12","28","14","24","18","28","12","15","16","32","9","30","24","28","43","12","36","35","27","38","8","36","18","18","14","34","40","12","34","36","32","29","18","12","38","30","11","36","37","12","35","36","28","42","6","36","6","19","40","6","36","19","39","6","14","36","21","31","42","41","32","14","14","18","18","7","35","12","16","18","16","13","10","34","36","42","28","12","31","26","30","42","14","14","18","17","28","26"
"6","8","2","4","10","8","2","10","5","2","2","10","3","10","10","10","28","8","12","4","25","4","34","6","28","2","18","10","36","8","28","8","29","0","19","24","2","34","3","22","39","3","18","32","7","12","28","2","14","22","9","10","34","4","28","41","36","3","36","40","37","5","34","39","38","3","22","34","30","9","20","12","28","10","22","35","36","7","16","31","30","18","6","28","21","32","27","3","36","24","10","32","8","12","34","16","25","10","30","34","27","29","8","20","29","29","30","9","18","34","14","14","5","26","36","40","40","33","6","31","36","38","32","34","34","8","16","15","10","34","32","10","2","18","30","34","40","38","40","26"
"14","18","18","18","14","12","18","12","20","20","19","12","20","12","12","13","36","14","16","20","14","20","33","16","38","19","6","12","41","13","38","12","39","19","0","36","20","40","18","13","47","19","10","40","14","27","34","20","6","37","16","20","38","20","37","33","44","21","42","40","40","18","40","29","29","19","10","41","19","12","26","10","42","14","32","40","42","16","14","41","17","16","16","23","32","33","20","17","38","12","19","38","14","18","26","10","36","11","39","42","14","40","13","31","18","34","34","12","28","25","14","12","14","36","41","40","36","38","13","38","36","40","40","41","36","14","14","10","23","40","22","21","18","10","42","38","38","37","32","28"
"25","26","24","24","30","30","24","30","24","24","24","30","22","30","30","28","14","27","28","24","40","24","30","28","14","24","36","26","20","28","14","27","13","24","36","0","22","18","24","34","24","25","34","16","27","22","10","23","35","6","27","23","20","24","16","28","20","23","20","24","22","25","18","34","32","24","38","17","36","28","28","31","14","28","16","20","18","26","35","18","37","30","28","34","16","16","39","23","20","36","27","18","27","30","32","34","9","30","14","22","38","12","30","14","40","12","18","28","18","34","32","32","26","10","19","24","22","18","28","16","20","21","19","18","20","28","32","34","21","17","33","22","24","34","16","18","24","24","29","27"
"6","8","4","4","10","8","2","9","4","3","1","10","2","10","12","10","30","8","14","5","25","4","34","6","28","1","18","10","36","8","28","10","28","2","20","22","0","35","4","21","39","4","19","32","8","14","28","2","16","23","8","10","34","4","28","40","35","2","36","40","37","6","34","38","38","2","24","34","31","10","20","14","28","10","23","34","36","7","17","31","31","19","8","28","22","32","27","4","35","26","12","32","8","12","34","18","24","10","28","36","28","29","9","21","30","29","30","9","18","34","15","14","6","28","36","40","38","32","8","32","36","38","32","34","34","8","18","16","10","32","32","12","3","20","30","34","40","38","39","26"
"36","39","36","37","42","41","36","42","36","35","36","41","35","42","40","39","16","40","38","33","38","33","25","38","22","36","42","42","10","40","16","39","18","34","40","18","35","0","36","38","22","36","40","10","38","26","18","34","42","16","40","30","10","34","12","18","15","35","6","13","12","35","14","24","24","36","36","8","30","40","32","40","13","40","20","7","8","38","39","10","29","34","38","31","21","13","26","36","9","35","32","10","38","37","23","42","22","42","22","8","32","12","40","20","32","18","12","40","30","24","36","40","37","15","8","12","15","13","39","12","10","10","6","8","12","38","38","40","29","8","28","30","35","34","9","11","12","14","29","32"
"6","6","2","4","8","9","2","10","4","2","3","12","4","10","8","10","27","10","12","4","24","4","36","6","28","4","18","12","36","7","28","10","30","3","18","24","4","36","0","23","38","3","18","34","8","14","26","4","14","25","6","9","35","4","30","42","38","4","38","42","38","6","34","38","38","4","23","34","30","9","20","13","28","11","22","37","38","6","16","34","30","18","6","26","21","32","28","3","35","26","12","32","8","10","34","16","26","11","30","36","28","30","7","22","28","28","31","8","18","36","14","15","6","28","38","42","42","34","8","31","36","40","35","36","35","8","17","14","11","35","32","10","2","20","33","36","42","40","41","28"
"20","20","22","22","16","15","22","14","22","21","20","14","22","14","16","16","46","14","22","22","11","20","24","20","38","20","13","12","38","16","45","16","38","22","13","34","21","38","23","0","44","22","12","34","15","29","40","21","14","34","18","28","36","24","35","26","37","22","36","36","34","22","38","24","26","20","13","34","18","16","22","14","38","14","40","34","36","18","20","38","16","20","22","20","39","36","17","21","36","13","20","36","16","20","24","15","36","14","40","40","13","34","16","36","16","40","36","16","34","18","17","13","20","40","34","34","28","36","16","44","36","32","36","36","34","16","18","16","28","32","20","29","22","12","38","34","33","32","24","22"
"42","40","37","38","42","44","38","44","38","38","39","45","38","45","42","47","18","44","39","38","37","39","32","42","11","38","48","43","14","42","18","46","14","39","47","24","39","22","38","44","0","36","48","15","43","37","16","38","45","22","38","36","18","38","20","23","21","38","17","18","20","42","12","31","26","39","44","16","38","45","30","47","12","46","24","23","18","42","44","16","38","38","40","30","24","22","40","40","16","42","42","15","44","38","29","44","18","46","12","20","43","15","44","27","40","16","18","45","26","35","47","48","40","22","19","20","22","18","44","16","20","22","21","18","18","40","42","48","36","19","35","35","39","46","16","20","22","20","34","30"
"8","8","2","4","10","10","2","12","4","2","3","12","2","12","12","12","28","10","14","4","24","4","34","7","26","2","20","12","34","10","26","12","29","3","19","25","4","36","3","22","36","0","19","32","10","14","27","2","14","23","7","8","33","4","28","41","37","4","36","40","37","6","32","38","38","3","22","34","31","10","20","14","28","12","22","36","36","10","17","30","30","18","7","26","19","31","28","6","33","26","12","30","10","10","33","16","25","12","28","35","27","28","10","20","29","28","29","10","16","34","16","15","6","27","36","41","40","34","10","30","35","38","33","34","33","7","16","16","10","34","32","10","4","20","30","34","40","39","42","26"
"12","15","18","16","12","12","18","11","20","17","18","10","20","9","10","10","36","13","10","16","14","18","32","14","40","18","8","11","40","11","36","10","40","18","10","34","19","40","18","12","48","19","0","40","12","22","36","18","9","34","15","20","38","19","34","32","45","17","39","37","36","16","42","26","27","18","9","36","14","10","20","6","38","11","30","37","40","12","8","40","17","10","16","20","30","39","18","16","40","12","13","41","12","14","26","6","38","9","43","39","12","36","12","28","14","38","36","11","30","22","8","10","15","32","38","36","35","41","12","38","36","37","38","40","37","14","8","5","20","39","17","22","16","5","40","36","36","35","34","28"
"37","35","34","34","39","40","34","40","34","33","32","39","32","40","40","40","19","38","38","32","31","31","19","35","14","32","41","36","4","38","18","40","12","32","40","16","32","10","34","34","15","32","40","0","38","30","16","31","43","15","36","32","8","32","12","13","10","32","7","10","8","34","5","22","18","33","36","6","30","40","30","41","8","40","22","10","4","38","42","4","28","34","36","28","22","12","28","34","6","32","36","4","38","34","20","41","16","41","14","9","32","7","40","21","32","15","11","40","29","23","40","40","36","15","6","11","10","8","37","14","8","8","8","5","8","36","39","43","30","4","26","32","34","36","5","6","10","9","24","24"
"4","8","9","10","4","3","8","4","10","8","6","4","9","4","6","3","34","3","12","10","20","9","34","6","34","8","12","4","40","2","34","4","34","7","14","27","8","38","8","15","43","10","12","38","0","19","32","8","9","28","8","16","38","10","34","36","40","8","40","42","40","8","40","34","34","8","18","38","25","4","22","8","33","4","28","36","40","2","10","38","26","15","8","24","28","37","22","8","40","20","10","38","1","12","30","11","30","5","35","39","22","35","2","26","24","34","36","3","24","30","8","8","6","32","40","42","37","37","2","37","40","40","37","38","37","4","12","10","16","37","27","16","8","14","36","38","40","39","34","26"
"15","16","14","14","20","20","14","22","16","12","14","20","13","21","21","18","23","20","16","11","30","12","36","16","30","13","25","22","31","19","22","18","30","12","27","22","14","26","14","29","37","14","22","30","19","0","27","12","22","20","18","6","30","12","23","41","38","12","29","35","35","14","34","37","41","14","26","29","28","19","19","18","26","20","16","32","32","17","16","30","30","18","15","28","14","33","30","14","32","30","13","34","18","16","38","20","27","21","32","28","30","28","20","12","32","28","28","20","16","34","16","18","14","20","32","36","38","36","18","24","32","34","28","32","34","18","17","18","4","32","32","8","13","20","27","34","35","38","46","32"
"28","30","26","27","34","34","28","35","28","28","28","35","26","36","34","34","6","34","29","28","38","29","33","30","8","28","37","34","16","33","6","32","9","28","34","10","28","18","26","40","16","27","36","16","32","27","0","27","36","15","31","24","15","26","12","28","22","26","16","18","20","28","13","32","28","28","40","16","34","32","28","34","12","34","12","21","18","31","36","16","34","32","28","30","14","12","38","27","16","36","33","15","32","34","30","38","8","34","8","18","38","11","34","16","36","6","11","32","16","34","38","38","28","9","18","24","24","14","33","8","17","22","18","18","16","32","32","36","24","18","30","21","28","38","15","18","23","22","34","30"
"7","9","2","4","11","9","2","11","6","2","3","12","3","10","12","11","28","10","13","4","24","4","34","8","27","2","19","12","34","8","26","10","28","2","20","23","2","34","4","21","38","2","18","31","8","12","27","0","15","22","8","8","33","4","28","40","36","4","34","38","36","6","32","38","38","3","23","32","29","11","19","13","26","12","20","34","34","8","16","30","29","18","8","28","20","31","26","4","34","24","11","32","8","12","33","16","24","12","30","34","26","28","10","19","28","28","28","10","16","34","14","14","5","25","34","40","38","32","8","30","34","38","32","32","33","9","16","15","8","32","30","10","2","18","30","34","39","38","40","26"
"10","14","14","15","10","8","14","10","16","14","16","9","16","8","8","9","36","11","14","15","16","16","35","13","37","15","7","12","44","9","35","10","40","14","6","35","16","42","14","14","45","14","9","43","9","22","36","15","0","33","12","16","40","16","37","36","46","16","44","44","43","14","42","32","31","14","12","44","22","9","26","6","39","11","30","40","45","12","10","42","20","14","12","22","28","38","20","15","41","15","14","40","10","14","27","8","36","8","39","42","18","39","8","28","20","36","35","8","25","28","9","9","10","36","44","42","39","42","9","37","40","44","42","42","40","10","12","6","18","42","25","18","14","10","41","42","42","40","36","28"
"27","29","24","24","32","30","24","32","25","24","24","32","24","31","31","28","14","30","29","24","40","22","30","28","14","24","38","30","19","30","14","30","16","22","37","6","23","16","25","34","22","23","34","15","28","20","15","22","33","0","28","22","20","24","18","27","22","24","20","24","24","26","18","35","32","25","37","18","37","30","28","32","14","30","16","20","18","28","32","17","38","30","28","34","12","18","37","24","19","39","26","18","29","30","34","32","12","33","16","20","40","15","30","12","42","14","14","30","18","36","30","30","26","10","20","25","23","22","28","14","20","22","20","19","20","28","30","34","20","17","36","22","23","33","17","20","24","24","34","30"
"7","6","7","6","6","10","8","8","8","7","8","10","10","10","8","11","32","6","11","8","20","7","37","6","30","8","17","8","38","8","32","10","32","9","16","27","8","40","6","18","38","7","15","36","8","18","31","8","12","28","0","14","34","8","30","38","40","10","38","39","37","9","37","34","34","6","20","34","26","8","18","10","32","9","26","36","38","6","14","35","26","16","8","22","26","36","26","8","34","23","8","34","9","8","30","12","29","10","32","40","24","30","8","24","25","32","34","9","22","31","12","12","8","30","38","38","36","36","8","34","36","38","34","36","34","4","14","12","16","34","28","14","8","18","34","36","38","36","38","26"
"12","12","8","10","16","16","10","18","10","10","11","18","9","18","16","16","20","17","12","6","28","8","37","11","26","10","22","19","32","16","20","15","29","10","20","23","10","30","9","28","36","8","20","32","16","6","24","8","16","22","14","0","30","7","25","41","38","9","32","36","35","10","32","36","38","11","23","30","28","14","20","14","28","17","14","33","33","14","15","31","27","16","9","25","12","30","30","11","30","27","12","30","14","12","34","18","26","18","29","32","26","26","16","14","28","26","28","15","14","34","16","17","10","21","33","38","40","35","14","22","30","36","30","32","32","14","14","14","4","34","30","3","10","19","28","33","37","38","45","30"
"37","34","34","34","39","40","34","40","36","34","34","40","34","42","40","41","18","38","36","34","32","32","24","36","16","33","38","38","5","38","16","40","12","34","38","20","34","10","35","36","18","33","38","8","38","30","15","33","40","20","34","30","0","33","7","16","16","33","5","9","8","34","8","21","19","32","34","7","28","38","29","39","12","40","21","8","6","38","39","8","24","34","35","25","20","12","26","34","4","30","36","8","39","34","21","40","15","40","16","8","30","9","40","20","30","15","10","40","28","22","39","40","34","15","6","11","12","8","38","14","7","8","4","7","4","36","36","41","30","6","25","31","35","36","8","8","10","12","26","28"
"8","5","4","6","10","11","4","12","3","5","4","11","2","14","11","12","26","12","12","4","24","4","34","5","28","4","22","13","34","10","26","11","28","4","20","24","4","34","4","24","38","4","19","32","10","12","26","4","16","24","8","7","33","0","28","41","36","3","34","39","36","4","34","36","38","4","23","32","30","10","18","13","30","11","20","34","35","9","17","31","30","18","6","24","19","31","28","6","33","28","12","32","10","10","33","17","26","12","28","34","26","27","11","21","28","28","30","10","18","34","16","16","8","26","34","40","40","34","10","29","34","37","32","32","33","9","16","15","10","34","32","8","6","20","30","34","39","38","42","28"
"31","29","30","30","34","34","30","34","30","29","29","34","28","37","36","35","14","32","31","27","32","27","25","30","15","28","36","34","10","34","12","34","14","28","37","16","28","12","30","35","20","28","34","12","34","23","12","28","37","18","30","25","7","28","0","22","19","26","8","13","13","30","14","22","24","28","34","9","26","34","23","34","12","34","16","12","10","32","33","12","28","30","30","24","16","17","29","30","10","32","28","14","33","28","24","36","13","34","16","10","32","10","35","14","32","16","10","34","24","23","34","36","30","12","10","14","18","13","33","12","14","13","6","12","10","32","32","35","24","10","26","26","30","33","8","12","14","16","30","26"
"40","38","42","42","36","36","40","34","42","40","40","34","42","33","35","36","30","36","40","40","22","39","18","38","26","40","34","34","15","36","30","38","24","41","33","28","40","18","42","26","23","41","32","13","36","41","28","40","36","27","38","41","16","41","22","0","18","41","16","14","12","40","17","12","6","42","28","16","21","37","34","35","19","36","34","12","15","37","36","15","18","32","41","23","34","20","18","42","16","23","40","14","36","36","10","32","27","35","26","16","22","18","36","33","20","27","21","36","40","14","34","34","40","26","14","10","6","18","36","26","14","11","16","13","14","36","36","35","40","12","16","41","41","30","17","12","10","8","16","25"
"40","40","38","38","42","42","37","42","37","38","36","40","36","42","42","42","25","39","44","38","37","36","15","40","20","36","42","40","14","41","24","42","18","36","44","20","35","15","38","37","21","37","45","10","40","38","22","36","46","22","40","38","16","36","19","18","0","36","16","17","14","39","12","29","24","38","42","14","36","42","38","45","16","41","30","13","14","40","46","10","34","41","42","34","30","18","32","38","16","36","42","12","40","40","23","47","21","43","18","16","38","16","42","30","38","21","18","42","34","28","46","44","40","22","13","18","15","14","40","23","16","14","15","12","14","40","45","47","36","14","31","37","38","42","12","12","17","16","18","22"
"6","6","4","5","10","9","4","10","4","4","3","10","2","12","11","10","27","10","12","4","24","4","34","6","28","2","18","12","34","9","28","9","28","3","21","23","2","35","4","22","38","4","17","32","8","12","26","4","16","24","10","9","33","3","26","41","36","0","34","38","36","4","33","38","38","4","24","32","28","8","17","13","28","9","21","34","35","7","15","30","30","16","8","25","21","33","28","5","35","24","12","32","8","11","34","18","24","10","28","34","27","28","10","20","30","29","31","9","18","33","14","16","8","26","34","40","40","32","8","30","37","38","32","32","33","10","16","16","8","34","30","10","4","19","30","34","39","38","40","26"
"38","37","37","38","40","42","37","42","38","36","36","40","36","43","41","42","18","40","34","34","31","35","24","36","16","36","42","40","6","40","16","41","12","36","42","20","36","6","38","36","17","36","39","7","40","29","16","34","44","20","38","32","5","34","8","16","16","34","0","6","9","36","8","20","18","37","36","6","26","40","26","42","11","42","20","8","6","38","38","8","28","33","36","24","21","14","28","38","5","32","36","8","40","35","20","42","16","42","16","8","32","10","42","22","30","16","12","41","30","21","40","43","38","16","6","8","12","7","40","13","10","8","5","6","6","39","36","43","30","6","25","32","38","36","8","8","8","11","28","30"
"39","40","42","41","42","42","42","42","42","40","40","40","40","44","41","43","21","40","34","38","29","39","25","40","18","40","40","40","9","42","20","42","15","40","40","24","40","13","42","36","18","40","37","10","42","35","18","38","44","24","39","36","9","39","13","14","17","38","6","0","8","40","10","17","16","40","34","9","24","42","24","42","14","41","24","12","8","40","38","11","24","32","40","24","25","18","28","41","8","29","37","10","42","34","18","40","19","41","18","12","28","12","43","24","27","19","16","44","32","18","42","42","42","20","6","5","8","10","42","18","12","8","10","8","8","40","35","42","34","9","22","35","42","36","11","8","4","6","24","26"
"39","36","38","36","39","42","36","41","37","36","36","38","36","40","38","42","22","40","38","34","31","36","22","38","20","36","40","39","9","40","21","41","16","37","40","22","37","12","38","34","20","37","36","8","40","35","20","36","43","24","37","35","8","36","13","12","14","36","9","8","0","37","10","16","16","36","34","6","26","40","30","40","14","40","26","8","4","38","40","9","25","32","39","24","28","14","26","36","8","30","38","8","40","35","18","40","20","40","18","10","28","10","42","26","26","20","16","42","34","18","38","42","40","18","4","6","8","9","40","20","8","4","8","4","7","40","36","39","34","6","22","36","37","35","9","2","6","7","22","24"
"7","4","6","8","9","8","6","10","6","6","5","9","5","10","10","8","28","10","12","5","24","5","34","4","32","5","18","11","36","8","29","8","32","5","18","25","6","35","6","22","42","6","16","34","8","14","28","6","14","26","9","10","34","4","30","40","39","4","36","40","37","0","36","38","38","6","22","34","28","8","20","10","31","9","22","34","36","6","14","34","28","16","4","24","22","34","26","6","36","26","10","36","6","10","34","16","28","10","32","36","24","30","9","22","28","31","31","7","20","32","12","13","6","28","37","42","40","36","7","32","36","38","33","34","34","8","14","14","11","34","30","10","6","18","32","35","40","40","40","26"
"38","37","34","36","41","42","35","42","36","34","34","41","32","43","40","42","16","40","38","34","31","34","22","38","10","33","40","39","4","40","15","42","9","34","40","18","34","14","34","38","12","32","42","5","40","34","13","32","42","18","37","32","8","34","14","17","12","33","8","10","10","36","0","26","18","34","38","10","31","40","31","42","8","42","20","12","8","40","42","4","29","36","36","28","21","12","32","36","8","32","41","4","41","38","21","45","14","42","8","12","34","9","42","22","34","12","10","41","25","26","46","46","35","18","9","14","14","6","40","13","10","13","12","7","6","38","39","46","30","9","26","31","35","40","8","8","14","12","26","28"
"36","34","38","37","31","34","38","32","38","37","38","32","38","32","30","34","34","33","33","36","19","38","24","34","32","38","30","30","23","33","34","33","30","39","29","34","38","24","38","24","31","38","26","22","34","37","32","38","32","35","34","36","21","36","22","12","29","38","20","17","16","38","26","0","9","38","20","20","14","32","25","30","28","32","36","20","19","34","30","24","14","25","36","18","36","26","16","38","20","20","34","22","34","28","11","26","33","31","32","22","16","24","33","36","14","33","28","34","42","6","29","32","38","30","18","12","14","24","34","32","20","16","18","20","21","34","30","28","38","20","12","38","39","24","24","18","12","14","17","23"
"36","35","38","38","32","34","37","32","39","36","38","31","39","31","31","34","30","34","34","36","17","38","21","35","26","38","30","32","19","33","30","35","24","38","29","32","38","24","38","26","26","38","27","18","34","41","28","38","31","32","34","38","19","38","24","6","24","38","18","16","16","38","18","9","0","39","24","20","16","34","30","32","21","34","34","18","20","35","32","18","17","26","36","18","34","22","16","40","20","19","38","17","35","33","4","30","28","32","26","20","20","22","32","36","16","28","23","34","38","12","34","34","38","28","18","14","12","19","33","28","18","17","20","17","16","34","32","30","38","18","12","38","38","28","22","16","14","12","16","23"
"7","6","4","3","10","10","4","9","5","3","2","11","4","12","12","12","30","9","14","6","25","4","34","6","28","2","18","10","36","8","30","10","28","3","19","24","2","36","4","20","39","3","18","33","8","14","28","3","14","25","6","11","32","4","28","42","38","4","37","40","36","6","34","38","39","0","23","33","30","9","19","12","30","10","24","35","35","8","17","32","30","19","8","27","22","32","28","4","34","25","10","33","9","12","34","16","25","10","30","36","26","28","10","21","30","29","30","10","18","34","15","14","6","27","36","40","39","32","9","32","36","38","32","34","33","8","16","15","12","32","32","12","4","20","32","34","40","38","40","25"
"20","20","22","22","20","18","22","18","25","22","24","17","24","16","15","18","41","19","17","22","12","22","28","20","41","23","11","16","36","18","39","16","43","22","10","38","24","36","23","13","44","22","9","36","18","26","40","23","12","37","20","23","34","23","34","28","42","24","36","34","34","22","38","20","24","23","0","36","12","16","22","12","40","18","35","34","35","20","14","38","10","14","20","18","34","34","14","22","33","9","18","36","19","16","22","8","42","16","44","35","7","38","18","33","10","40","34","17","34","18","14","14","20","38","34","31","30","40","18","40","30","32","34","36","34","18","12","12","26","35","16","26","23","6","37","34","30","31","30","27"
"36","33","34","33","38","40","34","38","34","33","34","38","33","41","38","40","18","37","34","31","32","32","24","34","17","33","43","37","6","38","16","38","12","34","41","17","34","8","34","34","16","34","36","6","38","29","16","32","44","18","34","30","7","32","9","16","14","32","6","9","6","34","10","20","20","33","36","0","28","38","26","40","10","38","22","8","4","36","40","8","29","32","36","24","22","14","29","34","4","34","32","8","38","32","22","38","16","39","16","10","32","6","39","20","30","16","14","40","30","21","38","40","37","13","4","8","12","10","38","14","10","8","6","5","8","37","36","39","30","6","26","30","34","34","6","8","9","10","28","26"
"25","26","30","29","24","24","29","24","32","28","30","22","30","22","22","23","35","24","20","27","12","30","26","26","36","30","18","22","30","24","34","22","36","30","19","36","31","30","30","18","38","31","14","30","25","28","34","29","22","37","26","28","28","30","26","21","36","28","26","24","26","28","31","14","16","30","12","28","0","24","20","20","30","24","31","28","28","25","17","30","8","14","27","13","32","31","12","28","30","9","24","31","24","22","15","18","35","22","38","28","8","32","24","31","6","34","28","24","36","10","20","22","28","31","26","23","24","31","24","33","25","25","27","29","28","26","16","18","28","29","6","29","28","14","30","26","23","24","24","24"
"5","7","10","10","4","3","10","4","10","10","9","4","9","6","5","2","34","4","12","10","20","10","36","6","36","9","12","5","42","4","34","2","35","9","12","28","10","40","9","16","45","10","10","40","4","19","32","11","9","30","8","14","38","10","34","37","42","8","40","42","40","8","40","32","34","9","16","38","24","0","21","6","36","3","27","36","41","5","10","39","24","15","8","24","27","36","23","10","40","19","10","38","4","10","30","10","32","4","36","39","20","34","4","27","23","35","36","2","24","28","8","8","8","32","40","41","39","40","3","36","38","41","38","39","37","6","11","8","16","40","26","14","10","12","37","38","40","40","36","28"
"18","18","20","19","20","22","20","21","20","19","20","20","20","22","20","22","28","20","12","17","18","18","32","18","26","19","26","20","28","20","28","21","27","20","26","28","20","32","20","22","30","20","20","30","22","19","28","19","26","28","18","20","29","18","23","34","38","17","26","24","30","20","31","25","30","19","22","26","20","21","0","22","26","21","24","34","28","18","16","32","24","12","19","14","26","38","24","20","28","24","14","32","21","12","28","18","25","20","28","32","22","27","22","24","22","31","32","23","24","22","19","23","20","26","27","26","32","32","20","28","34","30","29","30","30","20","14","20","20","30","24","20","20","20","29","30","27","28","36","22"
"8","10","14","12","8","8","14","8","15","13","14","6","13","6","6","6","34","9","12","12","18","12","34","9","38","13","10","9","42","8","33","6","38","12","10","31","14","40","13","14","47","14","6","41","8","18","34","13","6","32","10","14","39","13","34","35","45","13","42","42","40","10","42","30","32","12","12","40","20","6","22","0","38","8","26","38","42","8","7","40","20","13","10","23","27","39","20","12","40","16","10","40","8","10","28","7","36","6","40","40","15","34","8","26","19","38","35","6","25","25","6","6","9","32","40","40","38","43","8","36","38","39","38","40","38","8","8","4","16","40","21","16","12","9","38","38","38","38","35","28"
"32","32","28","30","34","34","28","36","30","26","29","36","28","36","34","36","12","34","32","28","33","29","27","32","10","28","40","34","10","32","12","36","8","28","42","14","28","13","28","38","12","28","38","8","33","26","12","26","39","14","32","28","12","30","12","19","16","28","11","14","14","31","8","28","21","30","40","10","30","36","26","38","0","36","16","14","12","32","34","8","32","30","31","27","16","15","30","29","13","34","32","10","34","31","22","38","11","38","10","12","36","8","34","16","34","10","12","36","22","30","37","38","31","11","12","16","17","12","33","8","13","16","12","12","12","33","34","38","26","12","27","26","28","38","8","13","17","14","30","26"
"6","8","12","10","5","4","11","2","10","12","8","3","10","4","7","2","36","2","12","12","20","10","34","7","38","10","12","4","43","5","36","2","36","10","14","28","10","40","11","14","46","12","11","40","4","20","34","12","11","30","9","17","40","11","34","36","41","9","42","41","40","9","42","32","34","10","18","38","24","3","21","8","36","0","30","36","40","6","12","40","26","16","10","26","30","38","22","10","41","20","10","40","3","12","30","10","32","2","38","40","21","35","4","28","23","37","38","3","26","28","9","8","10","34","40","41","38","40","4","39","41","40","36","39","38","6","13","8","18","38","27","18","11","14","38","38","40","40","34","27"
"24","25","22","24","30","29","24","31","24","22","24","30","21","31","28","28","8","30","23","21","36","21","36","24","15","22","33","32","20","28","7","28","18","22","32","16","23","20","22","40","24","22","30","22","28","16","12","20","30","16","26","14","21","20","16","34","30","21","20","24","26","22","20","36","34","24","35","22","31","27","24","26","16","30","0","24","24","26","25","20","32","24","22","30","6","22","34","24","22","34","24","23","28","26","34","32","16","30","17","22","36","18","30","6","36","16","16","28","10","36","28","30","22","10","24","29","31","24","27","10","23","28","22","24","22","26","25","28","13","24","30","14","22","30","18","24","28","30","43","35"
"36","34","36","37","36","38","36","37","34","35","34","36","34","38","38","36","21","36","40","34","32","32","20","34","21","34","40","35","10","37","20","36","18","35","40","20","34","7","37","34","23","36","37","10","36","32","21","34","40","20","36","33","8","34","12","12","13","34","8","12","8","34","12","20","18","35","34","8","28","36","34","38","14","36","24","0","7","36","39","8","26","36","36","28","26","14","24","37","8","31","34","10","36","36","17","40","21","38","20","8","30","12","37","26","28","20","14","37","34","20","36","40","36","18","8","12","12","10","36","18","9","8","6","6","8","35","39","39","32","6","24","34","36","34","8","8","11","13","23","28"
"38","37","38","37","40","42","38","42","36","36","36","40","34","44","42","42","20","39","38","34","34","34","22","38","18","36","42","38","6","41","18","40","14","36","42","18","36","8","38","36","18","36","40","4","40","32","18","34","45","18","38","33","6","35","10","15","14","35","6","8","4","36","8","19","20","35","35","4","28","41","28","42","12","40","24","7","0","40","42","6","27","35","38","26","24","13","28","37","4","33","34","6","40","34","21","41","18","42","16","8","30","8","42","22","30","18","14","42","31","20","40","42","40","16","2","8","10","8","40","16","8","5","6","4","7","39","38","43","32","3","26","34","38","36","6","5","7","9","25","26"
"2","8","8","8","4","4","6","4","8","7","7","6","8","5","6","5","32","6","10","7","21","10","36","6","34","7","14","7","40","2","32","5","34","7","16","26","7","38","6","18","42","10","12","38","2","17","31","8","12","28","6","14","38","9","32","37","40","7","38","40","38","6","40","34","35","8","20","36","25","5","18","8","32","6","26","36","40","0","10","37","28","13","8","23","26","36","23","6","40","22","8","37","2","10","30","12","30","6","35","38","23","34","4","26","24","34","35","4","24","30","8","11","8","30","39","39","38","37","4","36","39","38","36","37","37","5","12","10","14","38","26","15","6","14","35","36","39","38","36","26"
"10","14","16","16","10","10","16","12","18","15","16","10","18","8","8","10","32","12","8","14","16","16","36","12","38","16","11","12","40","9","31","9","40","16","14","35","17","39","16","20","44","17","8","42","10","16","36","16","10","32","14","15","39","17","33","36","46","15","38","38","40","14","42","30","32","17","14","40","17","10","16","7","34","12","25","39","42","10","0","41","22","8","12","19","24","42","20","15","42","18","10","44","10","10","28","6","36","10","40","38","18","40","10","24","19","38","34","10","26","26","4","8","12","31","40","38","40","44","10","33","39","40","39","42","40","12","4","6","15","43","22","17","14","10","37","40","38","38","40","30"
"36","34","32","33","38","39","32","40","34","32","32","39","31","40","40","40","18","38","37","31","32","31","22","34","12","30","40","38","5","38","16","40","12","31","41","18","31","10","34","38","16","30","40","4","38","30","16","30","42","17","35","31","8","31","12","15","10","30","8","11","9","34","4","24","18","32","38","8","30","39","32","40","8","40","20","8","6","37","41","0","29","36","36","29","20","11","28","34","8","31","38","4","38","35","18","42","14","40","12","8","34","8","39","20","32","14","10","40","26","25","42","42","35","15","7","12","12","7","37","14","10","12","8","5","6","36","40","43","28","8","24","31","33","38","5","6","12","10","26","27"
"27","28","30","30","26","26","30","25","33","30","30","24","31","24","24","25","36","26","24","30","14","28","22","28","36","30","18","23","27","26","35","24","34","30","17","37","31","29","30","16","38","30","17","28","26","30","34","29","20","38","26","27","24","30","28","18","34","30","28","24","25","28","29","14","17","30","10","29","8","24","24","20","32","26","32","26","27","28","22","29","0","20","27","16","34","27","12","30","26","8","28","28","26","24","15","18","36","24","36","28","6","30","26","31","7","33","28","24","36","10","24","22","26","34","26","24","22","29","25","32","21","24","26","28","24","26","18","20","29","26","8","29","30","15","30","25","22","22","22","24"
"14","16","17","17","15","16","16","17","18","16","18","14","19","14","10","15","30","16","9","14","14","18","32","15","32","18","17","16","34","14","29","14","36","18","16","30","19","34","18","20","38","18","10","34","15","18","32","18","14","30","16","16","34","18","30","32","41","16","33","32","32","16","36","25","26","19","14","32","14","15","12","13","30","16","24","36","35","13","8","36","20","0","15","12","24","36","18","18","36","16","12","36","14","10","24","10","34","15","35","34","16","32","14","25","14","32","32","16","26","23","10","15","16","28","34","32","32","38","14","30","33","32","34","35","35","14","7","11","18","36","19","18","16","10","32","34","32","32","37","24"
"8","4","6","8","8","9","6","10","8","6","8","10","8","10","8","10","27","10","9","5","20","7","36","3","30","8","18","12","37","8","26","8","32","6","16","28","8","38","6","22","40","7","16","36","8","15","28","8","12","28","8","9","35","6","30","41","42","8","36","40","39","4","36","36","36","8","20","36","27","8","19","10","31","10","22","36","38","8","12","36","27","15","0","23","20","36","26","8","36","24","12","36","8","10","32","14","29","10","32","37","24","31","9","22","26","31","30","8","19","32","12","13","4","30","38","42","42","37","8","30","36","39","35","36","34","8","12","12","11","37","29","9","8","16","34","36","42","41","42","28"
"25","23","26","27","22","26","26","26","26","26","28","23","26","25","20","26","30","25","20","24","12","26","26","23","28","27","24","24","24","24","30","26","29","28","23","34","28","31","26","20","30","26","20","28","24","28","30","28","22","34","22","25","25","24","24","23","34","25","24","24","24","24","28","18","18","27","18","24","13","24","14","23","27","26","30","28","26","23","19","29","16","12","23","0","29","34","17","28","24","18","23","28","24","18","16","20","31","24","28","28","16","26","25","32","16","31","27","26","33","14","21","26","26","30","26","23","24","29","25","28","28","25","28","26","26","22","16","22","28","28","17","26","28","19","26","27","23","24","28","18"
"25","24","20","22","28","28","21","30","22","21","22","30","20","30","28","28","10","30","22","20","36","20","34","24","15","22","33","30","20","28","8","28","18","21","32","16","22","21","21","39","24","19","30","22","28","14","14","20","28","12","26","12","20","19","16","34","30","21","21","25","28","22","21","36","34","22","34","22","32","27","26","27","16","30","6","26","24","26","24","20","34","24","20","29","0","21","36","22","21","36","24","22","28","24","32","29","14","30","18","22","36","19","28","6","37","14","14","28","10","36","27","28","22","11","24","30","31","24","26","10","22","28","22","24","23","26","24","27","13","24","33","12","21","31","19","26","29","29","42","34"
"35","34","30","30","38","36","31","38","32","32","32","40","31","40","38","38","17","38","38","34","37","34","26","36","16","32","36","36","14","38","16","36","12","32","33","16","32","13","32","36","22","31","39","12","37","33","12","31","38","18","36","30","12","31","17","20","18","33","14","18","14","34","12","26","22","32","34","14","31","36","38","39","15","38","22","14","13","36","42","11","27","36","36","34","21","0","31","30","12","30","40","9","38","40","22","41","15","38","15","14","32","12","36","23","32","8","12","36","24","28","42","40","34","16","14","18","17","10","37","15","8","16","12","12","10","37","39","40","30","11","26","28","31","36","15","12","18","16","25","30"
"25","27","28","28","23","22","26","21","28","26","28","20","29","18","22","22","38","23","27","26","12","26","22","25","40","27","18","24","29","21","38","22","38","27","20","39","27","26","28","17","40","28","18","28","22","30","38","26","20","37","26","30","26","28","29","18","32","28","28","28","26","26","32","16","16","28","14","29","12","23","24","20","30","22","34","24","28","23","20","28","12","18","26","17","36","31","0","28","29","13","22","29","22","22","12","18","40","22","39","25","12","32","21","34","10","38","28","22","37","13","18","20","26","35","28","24","22","32","22","36","27","24","26","26","28","23","22","20","30","26","13","32","27","16","28","27","24","24","26","26"
"6","7","4","2","10","8","3","9","6","4","4","12","6","10","11","10","28","9","11","5","26","6","36","8","31","4","16","11","38","8","30","8","30","3","17","23","4","36","3","21","40","6","16","34","8","14","27","4","15","24","8","11","34","6","30","42","38","5","38","41","36","6","36","38","40","4","22","34","28","10","20","12","29","10","24","37","37","6","15","34","30","18","8","28","22","30","28","0","36","24","10","35","8","13","35","14","26","10","31","37","27","30","8","20","28","28","32","10","17","36","14","14","6","26","37","41","41","34","8","32","36","40","34","36","34","10","16","13","10","34","30","11","2","19","33","36","41","38","40","26"
"39","35","34","35","40","42","36","42","36","36","36","42","34","44","40","43","18","39","36","34","32","32","23","36","16","34","42","38","4","40","16","42","11","36","38","20","35","9","35","36","16","33","40","6","40","32","16","34","41","19","34","30","4","33","10","16","16","35","5","8","8","36","8","20","20","34","33","4","30","40","28","40","13","41","22","8","4","40","42","8","26","36","36","24","21","12","29","36","0","32","36","6","41","34","21","40","16","42","14","10","32","7","42","21","30","14","12","41","28","22","41","42","36","17","5","10","12","8","40","13","7","8","6","6","4","36","38","42","32","4","28","30","36","36","8","8","10","10","27","28"
"21","24","26","25","21","20","25","20","28","24","26","18","27","18","19","19","40","20","20","26","10","26","25","24","36","25","10","17","33","20","38","18","36","24","12","36","26","35","26","13","42","26","12","32","20","30","36","24","15","39","23","27","30","28","32","23","36","24","32","29","30","26","32","20","19","25","9","34","9","19","24","16","34","20","34","31","33","22","18","31","8","16","24","18","36","30","13","24","32","0","24","30","21","22","18","16","36","18","39","33","6","35","20","33","8","36","32","20","32","16","20","18","22","36","32","29","26","30","19","38","28","30","32","32","28","21","16","17","26","32","10","28","24","12","36","28","28","27","23","23"
"8","11","12","10","12","12","12","10","10","10","12","12","13","12","11","10","30","10","8","9","24","9","38","10","36","12","18","12","38","10","30","8","37","10","19","27","12","32","12","20","42","12","13","36","10","13","33","11","14","26","8","12","36","12","28","40","42","12","36","37","38","10","41","34","38","10","18","32","24","10","14","10","32","10","24","34","34","8","10","38","28","12","12","23","24","40","22","10","36","24","0","39","10","7","34","10","33","12","38","36","22","33","10","22","24","36","34","12","24","30","6","10","11","26","36","36","38","40","10","32","38","36","33","36","38","9","12","10","13","35","29","15","10","14","33","38","35","36","42","29"
"36","34","32","34","38","39","33","40","34","32","34","39","32","41","38","40","18","38","38","32","32","32","22","36","12","32","41","37","6","38","17","40","12","32","38","18","32","10","32","36","15","30","41","4","38","34","15","32","40","18","34","30","8","32","14","14","12","32","8","10","8","36","4","22","17","33","36","8","31","38","32","40","10","40","23","10","6","37","44","4","28","36","36","28","22","9","29","35","6","30","39","0","39","34","18","42","16","41","12","10","32","8","39","24","31","14","12","39","27","24","44","44","35","18","6","12","12","7","38","15","6","10","9","4","6","35","40","43","32","6","26","31","34","38","8","5","12","10","24","26"
"4","8","9","10","4","3","8","4","9","8","7","4","8","4","6","2","34","3","12","9","20","10","36","6","36","8","13","4","42","2","34","2","35","8","14","27","8","38","8","16","44","10","12","38","1","18","32","8","10","29","9","14","39","10","33","36","40","8","40","42","40","6","41","34","35","9","19","38","24","4","21","8","34","3","28","36","40","2","10","38","26","14","8","24","28","38","22","8","41","21","10","39","0","12","30","12","32","4","36","39","22","35","2","26","24","36","36","2","24","29","8","8","6","32","40","42","38","38","2","37","40","40","36","38","38","5","12","10","15","38","27","16","8","14","36","38","40","40","36","26"
"10","8","10","12","10","12","12","12","11","11","12","10","12","12","8","12","31","10","8","8","18","10","35","8","32","12","18","12","34","10","30","12","36","12","18","30","12","37","10","20","38","10","14","34","12","16","34","12","14","30","8","12","34","10","28","36","40","11","35","34","35","10","38","28","33","12","16","32","22","10","12","10","31","12","26","36","34","10","10","35","24","10","10","18","24","40","22","13","34","22","7","34","12","0","28","10","32","12","34","36","20","31","11","24","20","36","36","12","24","26","10","14","12","30","33","32","36","40","10","32","36","35","32","35","36","8","10","10","16","36","27","15","13","15","30","35","33","33","40","26"
"32","30","34","34","28","29","32","28","35","32","34","28","34","27","26","30","30","29","32","32","16","33","20","30","28","33","26","28","22","28","30","30","28","34","26","32","34","23","34","24","29","33","26","20","30","38","30","33","27","34","30","34","21","33","24","10","23","34","20","18","18","34","21","11","4","34","22","22","15","30","28","28","22","30","34","17","21","30","28","18","15","24","32","16","32","22","12","35","21","18","34","18","30","28","0","27","30","28","28","20","18","24","28","34","14","29","24","30","37","10","30","30","33","30","20","16","14","22","28","28","19","19","20","18","19","29","30","26","35","20","12","34","34","26","22","17","16","14","18","22"
"12","13","16","14","11","10","14","9","18","14","16","10","19","8","9","10","36","12","10","14","14","16","34","12","40","16","12","10","42","10","37","9","42","16","10","34","18","42","16","15","44","16","6","41","11","20","38","16","8","32","12","18","40","17","36","32","47","18","42","40","40","16","45","26","30","16","8","38","18","10","18","7","38","10","32","40","41","12","6","42","18","10","14","20","29","41","18","14","40","16","10","42","12","10","27","0","38","8","42","40","15","39","10","28","16","39","38","11","28","24","6","7","14","33","40","36","36","45","10","38","36","38","39","42","41","12","9","4","20","40","22","20","14","9","40","40","37","36","36","28"
"29","28","26","26","32","30","26","32","27","26","24","32","24","34","34","34","13","30","30","28","37","27","32","30","6","24","36","30","16","30","12","32","6","25","36","9","24","22","26","36","18","25","38","16","30","27","8","24","36","12","29","26","15","26","13","27","21","24","16","19","20","28","14","33","28","25","42","16","35","32","25","36","11","32","16","21","18","30","36","14","36","34","29","31","14","15","40","26","16","36","33","16","32","32","30","38","0","32","8","21","40","12","32","14","40","8","14","32","16","34","38","37","28","12","18","23","22","12","31","14","20","22","18","18","15","32","34","38","24","16","32","24","26","40","15","18","22","21","30","26"
"6","9","12","10","4","4","12","2","12","12","10","2","10","3","6","4","37","5","13","12","18","12","34","8","38","10","10","5","44","5","38","4","36","10","11","30","10","42","11","14","46","12","9","41","5","21","34","12","8","33","10","18","40","12","34","35","43","10","42","41","40","10","42","31","32","10","16","39","22","4","20","6","38","2","30","38","42","6","10","40","24","15","10","24","30","38","22","10","42","18","12","41","4","12","28","8","32","0","38","40","19","36","4","29","21","38","38","4","26","26","8","6","10","34","40","39","38","39","5","40","42","40","38","40","39","8","12","6","18","40","25","18","11","12","38","38","38","38","34","26"
"34","32","28","30","34","36","30","38","29","30","30","37","28","39","36","38","11","36","34","32","36","31","30","34","4","28","40","35","12","36","11","38","6","30","39","14","28","22","30","40","12","28","43","14","35","32","8","30","39","16","32","29","16","28","16","26","18","28","16","18","18","32","8","32","26","30","44","16","38","36","28","40","10","38","17","20","16","35","40","12","36","35","32","28","18","15","39","31","14","39","38","12","36","34","28","42","8","38","0","20","42","11","36","20","40","6","14","36","19","34","43","43","32","15","17","23","23","12","36","12","18","22","20","15","15","34","37","43","28","17","34","26","32","44","14","16","22","21","32","28"
"37","38","36","38","40","39","36","41","38","34","36","40","34","41","40","40","18","42","39","33","34","35","24","38","20","36","40","42","8","40","16","38","19","34","42","22","36","8","36","40","20","35","39","9","39","28","18","34","42","20","40","32","8","34","10","16","16","34","8","12","10","36","12","22","20","36","35","10","28","39","32","40","12","40","22","8","8","38","38","8","28","34","37","28","22","14","25","37","10","33","36","10","39","36","20","40","21","40","20","0","32","14","40","21","30","20","10","39","30","22","38","41","38","16","7","11","14","12","38","14","8","10","6","8","10","39","38","40","30","10","26","34","36","36","7","10","11","14","29","32"
"22","23","27","27","22","22","28","22","28","27","28","20","28","20","19","20","40","22","21","26","12","26","24","24","40","27","15","20","32","22","39","20","40","27","14","38","28","32","28","13","43","27","12","32","22","30","38","26","18","40","24","26","30","26","32","22","38","27","32","28","28","24","34","16","20","26","7","32","8","20","22","15","36","21","36","30","30","23","18","34","6","16","24","16","36","32","12","27","32","6","22","32","22","20","18","15","40","19","42","32","0","33","22","35","5","38","33","20","37","12","18","18","24","36","28","27","26","34","22","37","25","28","30","31","30","22","15","16","30","31","11","29","26","10","33","28","26","26","24","24"
"33","29","30","30","34","36","30","36","30","30","30","36","28","38","34","36","14","34","33","28","34","27","25","30","12","29","42","33","9","35","13","35","6","29","40","12","29","12","30","34","15","28","36","7","35","28","11","28","39","15","30","26","9","27","10","18","16","28","10","12","10","30","9","24","22","28","38","6","32","34","27","34","8","35","18","12","8","34","40","8","30","32","31","26","19","12","32","30","7","35","33","8","35","31","24","39","12","36","11","14","33","0","36","19","34","10","13","35","24","24","38","38","32","11","8","12","14","10","34","11","10","11","9","7","6","32","35","38","26","8","27","26","31","36","8","7","12","12","27","23"
"5","8","8","9","3","2","8","2","10","8","8","6","10","3","5","4","34","4","12","10","18","11","36","6","36","8","12","4","42","2","36","4","36","8","13","30","9","40","7","16","44","10","12","40","2","20","34","10","8","30","8","16","40","11","35","36","42","10","42","43","42","9","42","33","32","10","18","39","24","4","22","8","34","4","30","37","42","4","10","39","26","14","9","25","28","36","21","8","42","20","10","39","2","11","28","10","32","4","36","40","22","36","0","28","23","36","36","4","24","30","8","8","8","33","42","41","39","39","2","38","40","42","39","40","39","6","14","8","16","40","26","17","8","14","38","40","42","39","36","28"
"24","24","22","21","30","27","21","28","24","20","22","29","21","30","29","28","13","27","22","20","35","20","35","24","18","20","30","28","20","26","12","26","19","20","31","14","21","20","22","36","27","20","28","21","26","12","16","19","28","12","24","14","20","21","14","33","30","20","22","24","26","22","22","36","36","21","33","20","31","27","24","26","16","28","6","26","22","26","24","20","31","25","22","32","6","23","34","20","21","33","22","24","26","24","34","28","14","29","20","21","35","19","28","0","37","16","17","28","11","36","26","26","21","10","23","28","29","24","26","14","22","26","21","24","22","26","24","26","12","22","32","14","20","30","18","25","28","27","40","33"
"24","24","28","27","22","24","28","23","30","28","30","22","30","22","20","22","38","24","21","26","11","29","24","25","39","30","18","22","32","23","38","22","39","29","18","40","30","32","28","16","40","29","14","32","24","32","36","28","20","42","25","28","30","28","32","20","38","30","30","27","26","28","34","14","16","30","10","30","6","23","22","19","34","23","36","28","30","24","19","32","7","14","26","16","37","32","10","28","30","8","24","31","24","20","14","16","40","21","40","30","5","34","23","37","0","37","33","24","38","12","20","22","28","36","28","25","25","32","24","36","26","26","29","30","30","25","18","16","30","30","8","30","28","13","32","28","24","25","25","26"
"32","32","28","28","36","34","28","37","30","30","30","38","28","38","36","36","10","36","30","30","38","31","32","34","8","29","36","35","15","35","9","35","6","29","34","12","29","18","28","40","16","28","38","15","34","28","6","28","36","14","32","26","15","28","16","27","21","29","16","19","20","31","12","33","28","29","40","16","34","35","31","38","10","37","16","20","18","34","38","14","33","32","31","31","14","8","38","28","14","36","36","14","36","36","29","39","8","38","6","20","38","10","36","16","37","0","12","36","16","34","40","40","30","10","18","24","24","12","35","8","16","22","18","17","14","34","34","38","26","16","30","23","29","38","16","18","23","22","32","30"
"33","34","30","32","38","35","30","38","33","30","31","38","30","38","38","36","13","38","34","30","32","30","24","34","13","30","35","38","10","36","11","36","14","30","34","18","30","12","31","36","18","29","36","11","36","28","11","28","35","14","34","28","10","30","10","21","18","31","12","16","16","31","10","28","23","30","34","14","28","36","32","35","12","38","16","14","14","35","34","10","28","32","30","27","14","12","28","32","12","32","34","12","36","36","24","38","14","38","14","10","33","13","36","17","33","12","0","36","21","28","36","36","30","14","15","20","19","12","36","12","12","17","12","14","11","34","34","38","26","12","26","26","30","34","10","14","20","18","32","30"
"6","8","10","12","4","3","10","4","10","10","8","4","9","4","6","2","34","5","13","10","20","10","36","6","36","9","12","5","42","4","34","3","36","9","12","28","9","40","8","16","45","10","11","40","3","20","32","10","8","30","9","15","40","10","34","36","42","9","41","44","42","7","41","34","34","10","17","40","24","2","23","6","36","3","28","37","42","4","10","40","24","16","8","26","28","36","22","10","41","20","12","39","2","12","30","11","32","4","36","39","20","35","4","28","24","36","36","0","24","29","8","8","8","34","42","42","40","40","3","37","40","42","38","40","38","6","12","8","16","40","26","16","10","12","38","40","42","41","36","28"
"22","21","16","17","26","24","17","26","19","17","18","28","17","26","26","26","16","24","21","18","36","18","39","22","16","18","28","26","28","24","14","24","21","18","28","18","18","30","18","34","26","16","30","29","24","16","16","16","25","18","22","14","28","18","24","40","34","18","30","32","34","20","25","42","38","18","34","30","36","24","24","25","22","26","10","34","31","24","26","26","36","26","19","33","10","24","37","17","28","32","24","27","24","24","37","28","16","26","19","30","37","24","24","11","38","16","21","24","0","42","28","26","18","18","32","37","36","27","24","18","29","36","30","32","28","22","24","26","13","30","34","12","18","32","28","32","36","35","42","34"
"31","30","36","35","29","30","36","28","36","34","34","26","34","28","28","28","37","28","30","33","17","33","20","30","35","33","25","26","23","30","35","28","31","34","25","34","34","24","36","18","35","34","22","23","30","34","34","34","28","36","31","34","22","34","23","14","28","33","21","18","18","32","26","6","12","34","18","21","10","28","22","25","30","28","36","20","20","30","26","25","10","23","32","14","36","28","13","36","22","16","30","24","29","26","10","24","34","26","34","22","12","24","30","36","12","34","28","29","42","0","26","28","33","32","18","15","15","25","29","33","21","16","20","20","22","30","25","26","35","20","12","36","35","19","24","18","14","16","16","20"
"10","12","16","14","8","8","14","9","15","14","14","8","16","6","8","7","34","10","12","12","18","14","35","10","41","14","13","10","42","8","34","7","42","14","14","32","15","36","14","17","47","16","8","40","8","16","38","14","9","30","12","16","39","16","34","34","46","14","40","42","38","12","46","29","34","15","14","38","20","8","19","6","37","9","28","36","40","8","4","42","24","10","12","21","27","42","18","14","41","20","6","44","8","10","30","6","38","8","43","38","18","38","8","26","20","40","36","8","28","26","0","6","12","32","40","38","38","45","8","36","40","38","37","40","42","10","8","4","17","40","25","18","12","8","38","40","38","38","39","30"
"11","14","16","14","11","8","15","8","16","14","14","8","16","6","10","6","37","8","14","14","18","12","33","11","41","14","12","8","44","10","36","7","41","14","12","32","14","40","15","13","48","15","10","40","8","18","38","14","9","30","12","17","40","16","36","34","44","16","43","42","42","13","46","32","34","14","14","40","22","8","23","6","38","8","30","40","42","11","8","42","22","15","13","26","28","40","20","14","42","18","10","44","8","14","30","7","37","6","43","41","18","38","8","26","22","40","36","8","26","28","6","0","11","32","42","41","36","44","8","38","39","38","39","42","40","9","10","6","18","39","25","18","13","10","40","40","40","38","36","28"
"6","6","6","6","10","7","6","10","8","5","6","10","7","10","9","8","29","8","12","7","22","6","35","6","30","6","15","10","36","6","28","8","32","5","14","26","6","37","6","20","40","6","15","36","6","14","28","5","10","26","8","10","34","8","30","40","40","8","38","42","40","6","35","38","38","6","20","37","28","8","20","9","31","10","22","36","40","8","12","35","26","16","4","26","22","34","26","6","36","22","11","35","6","12","33","14","28","10","32","38","24","32","8","21","28","30","30","8","18","33","12","11","0","29","38","42","41","36","6","31","36","40","36","37","34","8","12","12","10","36","30","11","4","16","34","37","42","40","40","26"
"29","28","27","26","34","34","26","34","28","26","28","34","26","35","34","32","7","34","26","24","38","27","30","29","14","27","37","34","16","32","6","32","14","26","36","10","28","15","28","40","22","27","32","15","32","20","9","25","36","10","30","21","15","26","12","26","22","26","16","20","18","28","18","30","28","27","38","13","31","32","26","32","11","34","10","18","16","30","31","15","34","28","30","30","11","16","35","26","17","36","26","18","32","30","30","33","12","34","15","16","36","11","33","10","36","10","14","34","18","32","32","32","29","0","16","20","22","18","32","9","16","19","16","16","16","32","30","30","20","17","28","22","26","33","13","17","20","21","35","30"
"38","36","38","37","40","42","37","42","38","36","36","40","35","43","40","42","20","40","36","34","32","34","21","37","18","35","42","39","6","40","19","40","14","36","41","19","36","8","38","34","19","36","38","6","40","32","18","34","44","20","38","33","6","34","10","14","13","34","6","6","4","37","9","18","18","36","34","4","26","40","27","40","12","40","24","8","2","39","40","7","26","34","38","26","24","14","28","37","5","32","36","6","40","33","20","40","18","40","17","7","28","8","42","23","28","18","15","42","32","18","40","42","38","16","0","6","9","8","40","16","7","4","4","4","7","39","36","42","32","5","24","33","37","35","6","3","6","8","24","26"
"39","39","41","41","40","42","41","41","42","40","41","38","40","41","38","42","24","40","36","38","30","40","24","40","24","40","40","39","12","40","24","40","18","40","40","24","40","12","42","34","20","41","36","11","42","36","24","40","42","25","38","38","11","40","14","10","18","40","8","5","6","42","14","12","14","40","31","8","23","41","26","40","16","41","29","12","8","39","38","12","24","32","42","23","30","18","24","41","10","29","36","12","42","32","16","36","23","39","23","11","27","12","41","28","25","24","20","42","37","15","38","41","42","20","6","0","6","14","40","22","11","4","8","8","10","40","36","39","38","9","22","38","42","34","12","8","2","3","22","26"
"38","40","42","40","40","39","41","38","42","40","39","36","40","38","38","39","28","36","39","40","27","38","20","39","24","38","36","34","14","38","27","38","18","40","36","22","38","15","42","28","22","40","35","10","37","38","24","38","39","23","36","40","12","40","18","6","15","40","12","8","8","40","14","14","12","39","30","12","24","39","32","38","17","38","31","12","10","38","40","12","22","32","42","24","31","17","22","41","12","26","38","12","38","36","14","36","22","38","23","14","26","14","39","29","25","24","19","40","36","15","38","36","41","22","9","6","0","12","36","24","11","6","12","10","9","36","36","38","38","8","20","39","40","34","14","7","6","4","17","22"
"36","36","34","34","38","38","34","38","34","34","32","39","32","42","41","41","20","37","37","36","33","35","24","38","14","32","38","36","9","38","19","39","7","33","38","18","32","13","34","36","18","34","41","8","37","36","14","32","42","22","36","35","8","34","13","18","14","32","7","10","9","36","6","24","19","32","40","10","31","40","32","43","12","40","24","10","8","37","44","7","29","38","37","29","24","10","32","34","8","30","40","7","38","40","22","45","12","39","12","12","34","10","39","24","32","12","12","40","27","25","45","44","36","18","8","14","12","0","38","17","10","12","10","6","4","38","40","45","32","6","26","32","34","40","12","7","13","12","23","26"
"4","8","9","9","5","2","8","4","10","8","6","4","10","4","4","3","34","2","11","9","19","9","36","6","35","7","12","4","40","2","34","2","35","6","13","28","8","39","8","16","44","10","12","37","2","18","33","8","9","28","8","14","38","10","33","36","40","8","40","42","40","7","40","34","33","9","18","38","24","3","20","8","33","4","27","36","40","4","10","37","25","14","8","25","26","37","22","8","40","19","10","38","2","10","28","10","31","5","36","38","22","34","2","26","24","35","36","3","24","29","8","8","6","32","40","40","36","38","0","36","39","40","37","38","36","5","12","9","14","37","26","16","7","12","36","38","40","38","36","26"
"34","34","30","32","38","38","32","40","32","31","32","39","30","40","36","38","4","39","30","28","38","30","33","33","11","32","42","40","13","37","5","37","12","31","38","16","32","12","31","44","16","30","38","14","37","24","8","30","37","14","34","22","14","29","12","26","23","30","13","18","20","32","13","32","28","32","40","14","33","36","28","36","8","39","10","18","16","36","33","14","32","30","30","28","10","15","36","32","13","38","32","15","37","32","28","38","14","40","12","14","37","11","38","14","36","8","12","37","18","33","36","38","31","9","16","22","24","17","36","0","14","20","16","16","16","35","31","36","22","17","31","22","32","36","12","18","21","22","38","34"
"38","36","35","35","40","40","36","40","38","36","36","42","36","42","40","40","19","40","36","34","32","34","22","38","18","36","38","38","8","40","18","38","16","36","36","20","36","10","36","36","20","35","36","8","40","32","17","34","40","20","36","30","7","34","14","14","16","37","10","12","8","36","10","20","18","36","30","10","25","38","34","38","13","41","23","9","8","39","39","10","21","33","36","28","22","8","27","36","7","28","38","6","40","36","19","36","20","42","18","8","25","10","40","22","26","16","12","40","29","21","40","39","36","16","7","11","11","10","39","14","0","8","8","8","7","37","36","38","32","8","22","32","36","34","10","6","10","10","24","28"
"39","37","40","39","41","42","40","41","39","38","38","38","38","40","40","40","24","39","38","38","32","36","20","38","22","38","40","38","10","41","22","40","18","38","40","21","38","10","40","32","22","38","37","8","40","34","22","38","44","22","38","36","8","37","13","11","14","38","8","8","4","38","13","16","17","38","32","8","25","41","30","39","16","40","28","8","5","38","40","12","24","32","39","25","28","16","24","40","8","30","36","10","40","35","19","38","22","40","22","10","28","11","42","26","26","22","17","42","36","16","38","38","40","19","4","4","6","12","40","20","8","0","7","6","8","38","36","40","36","6","22","36","40","34","10","4","4","6","20","23"
"34","33","34","34","37","38","34","38","34","32","32","37","32","40","39","38","18","36","38","32","34","32","24","34","20","32","40","38","8","38","18","37","16","32","40","19","32","6","35","36","21","33","38","8","37","28","18","32","42","20","34","30","4","32","6","16","15","32","5","10","8","33","12","18","20","32","34","6","27","38","29","38","12","36","22","6","6","36","39","8","26","34","35","28","22","12","26","34","6","32","33","9","36","32","20","39","18","38","20","6","30","9","39","21","29","18","12","38","30","20","37","39","36","16","4","8","12","10","37","16","8","7","0","6","7","36","38","39","30","6","25","32","34","35","6","6","9","12","26","28"
"36","36","35","36","38","40","35","40","35","34","34","38","32","42","39","40","20","38","38","32","32","33","22","35","16","34","41","38","6","38","18","40","13","34","41","18","34","8","36","36","18","34","40","5","38","32","18","32","42","19","36","32","7","32","12","13","12","32","6","8","4","34","7","20","17","34","36","5","29","39","30","40","12","39","24","6","4","37","42","5","28","35","36","26","24","12","26","36","6","32","36","4","38","35","18","42","18","40","15","8","31","7","40","24","30","17","14","40","32","20","40","42","37","16","4","8","10","6","38","16","8","6","6","0","6","38","39","42","30","4","24","32","35","36","6","4","8","8","24","26"
"36","34","34","34","38","38","34","38","36","34","34","38","34","40","38","40","19","36","36","34","30","32","22","35","16","33","38","35","6","38","18","38","10","34","36","20","34","12","35","34","18","33","37","8","37","34","16","33","40","20","34","32","4","33","10","14","14","33","6","8","7","34","6","21","16","33","34","8","28","37","30","38","12","38","22","8","7","37","40","6","24","35","34","26","23","10","28","34","4","28","38","6","38","36","19","41","15","39","15","10","30","6","39","22","30","14","11","38","28","22","42","40","34","16","7","10","9","4","36","16","7","8","7","6","0","34","36","42","30","4","23","32","35","37","11","4","10","9","22","25"
"6","8","9","8","6","7","9","6","8","8","8","6","10","8","6","7","34","4","11","9","20","6","34","6","32","8","16","6","38","6","32","6","34","8","14","28","8","38","8","16","40","7","14","36","4","18","32","9","10","28","4","14","36","9","32","36","40","10","39","40","40","8","38","34","34","8","18","37","26","6","20","8","33","6","26","35","39","5","12","36","26","14","8","22","26","37","23","10","36","21","9","35","5","8","29","12","32","8","34","39","22","32","6","26","25","34","34","6","22","30","10","9","8","32","39","40","36","38","5","35","37","38","36","38","34","0","12","10","16","36","28","14","10","16","36","36","38","37","36","24"
"12","14","17","16","14","13","17","14","18","16","17","12","17","13","10","12","32","13","8","15","16","15","35","13","34","16","13","12","36","12","30","11","36","16","14","32","18","38","17","18","42","16","8","39","12","17","32","16","12","30","14","14","36","16","32","36","45","16","36","35","36","14","39","30","32","16","12","36","16","11","14","8","34","13","25","39","38","12","4","40","18","7","12","16","24","39","22","16","38","16","12","40","12","10","30","9","34","12","37","38","15","35","14","24","18","34","34","12","24","25","8","10","12","30","36","36","36","40","12","31","36","36","38","39","36","12","0","9","16","40","21","16","16","9","36","37","36","36","38","26"
"10","12","14","13","9","10","14","8","16","14","16","8","17","6","6","8","33","10","10","12","16","15","36","10","40","16","10","10","44","8","33","8","42","15","10","34","16","40","14","16","48","16","5","43","10","18","36","15","6","34","12","14","41","15","35","35","47","16","43","42","39","14","46","28","30","15","12","39","18","8","20","4","38","8","28","39","43","10","6","43","20","11","12","22","27","40","20","13","42","17","10","43","10","10","26","4","38","6","43","40","16","38","8","26","16","38","38","8","26","26","4","6","12","30","42","39","38","45","9","36","38","40","39","42","42","10","9","0","17","42","22","17","14","8","40","40","38","38","38","29"
"12","14","10","12","17","16","10","18","12","10","11","18","10","18","18","16","21","18","13","8","28","10","36","12","26","10","21","18","31","16","20","15","28","10","23","21","10","29","11","28","36","10","20","30","16","4","24","8","18","20","16","4","30","10","24","40","36","8","30","34","34","11","30","38","38","12","26","30","28","16","20","16","26","18","13","32","32","14","15","28","29","18","11","28","13","30","30","10","32","26","13","32","15","16","35","20","24","18","28","30","30","26","16","12","30","26","26","16","13","35","17","18","10","20","32","38","38","32","14","22","32","36","30","30","30","16","16","17","0","32","28","4","10","20","28","32","36","36","44","30"
"37","36","35","34","39","40","35","38","34","34","33","39","34","40","40","40","21","36","38","33","32","31","20","36","18","33","40","35","8","38","20","39","12","34","40","17","32","8","35","32","19","34","39","4","37","32","18","32","42","17","34","34","6","34","10","12","14","34","6","9","6","34","9","20","18","32","35","6","29","40","30","40","12","38","24","6","3","38","43","8","26","36","37","28","24","11","26","34","4","32","35","6","38","36","20","40","16","40","17","10","31","8","40","22","30","16","12","40","30","20","40","39","36","17","5","9","8","6","37","17","8","6","6","4","4","36","40","42","32","0","25","32","35","36","9","5","8","8","22","26"
"28","28","32","31","26","27","31","26","34","30","32","26","32","25","25","26","32","27","24","29","14","31","24","28","33","32","20","25","28","26","32","25","31","32","22","33","32","28","32","20","35","32","17","26","27","32","30","30","25","36","28","30","25","32","26","16","31","30","25","22","22","30","26","12","12","32","16","26","6","26","24","21","27","27","30","24","26","26","22","24","8","19","29","17","33","26","13","30","28","10","29","26","27","27","12","22","32","25","34","26","11","27","26","32","8","30","26","26","34","12","25","25","30","28","24","22","20","26","26","31","22","22","25","24","23","28","21","22","28","25","0","30","30","18","28","20","21","20","20","24"
"13","12","10","10","16","17","10","18","11","11","12","18","10","19","16","16","19","18","13","9","28","10","37","12","26","10","22","19","32","16","19","16","26","10","21","22","12","30","10","29","35","10","22","32","16","8","21","10","18","22","14","3","31","8","26","41","37","10","32","35","36","10","31","38","38","12","26","30","29","14","20","16","26","18","14","34","34","15","17","31","29","18","9","26","12","28","32","11","30","28","15","31","16","15","34","20","24","18","26","34","29","26","17","14","30","23","26","16","12","36","18","18","11","22","33","38","39","32","16","22","32","36","32","32","32","14","16","17","4","32","30","0","10","22","28","33","38","38","44","31"
"6","8","2","2","9","8","2","10","5","2","2","11","4","9","10","9","28","10","12","4","24","6","35","6","30","2","17","10","37","7","28","9","30","2","18","24","3","35","2","22","39","4","16","34","8","13","28","2","14","23","8","10","35","6","30","41","38","4","38","42","37","6","35","39","38","4","23","34","28","10","20","12","28","11","22","36","38","6","14","33","30","16","8","28","21","31","27","2","36","24","10","34","8","13","34","14","26","11","32","36","26","31","8","20","28","29","30","10","18","35","12","13","4","26","37","42","40","34","7","32","36","40","34","35","35","10","16","14","10","35","30","10","0","18","32","36","42","39","41","27"
"14","18","20","20","14","13","20","14","22","19","19","12","20","12","12","12","38","16","14","18","13","19","30","16","40","19","10","13","37","14","36","12","42","18","10","34","20","34","20","12","46","20","5","36","14","20","38","18","10","33","18","19","36","20","33","30","42","19","36","36","35","18","40","24","28","20","6","34","14","12","20","9","38","14","30","34","36","14","10","38","15","10","16","19","31","36","16","19","36","12","14","38","14","15","26","9","40","12","44","36","10","36","14","30","13","38","34","12","32","19","8","10","16","33","35","34","34","40","12","36","34","34","35","36","37","16","9","8","20","36","18","22","18","0","36","36","33","34","33","28"
"34","33","32","33","36","38","32","38","32","31","32","36","30","40","38","38","15","36","36","30","33","30","24","32","14","30","40","38","6","36","14","38","14","30","42","16","30","9","33","38","16","30","40","5","36","27","15","30","41","17","34","28","8","30","8","17","12","30","8","11","9","32","8","24","22","32","37","6","30","37","29","38","8","38","18","8","6","35","37","5","30","32","34","26","19","15","28","33","8","36","33","8","36","30","22","40","15","38","14","7","33","8","38","18","32","16","10","38","28","24","38","40","34","13","6","12","14","12","36","12","10","10","6","6","11","36","36","40","28","9","28","28","32","36","0","9","12","13","30","28"
"36","34","36","35","38","40","35","40","36","34","34","37","34","40","38","40","22","37","37","33","31","34","20","36","17","34","39","36","8","38","20","38","14","34","38","18","34","11","36","34","20","34","36","6","38","34","18","34","42","20","36","33","8","34","12","12","12","34","8","8","2","35","8","18","16","34","34","8","26","38","30","38","13","38","24","8","5","36","40","6","25","34","36","27","26","12","27","36","8","28","38","5","38","35","17","40","18","38","16","10","28","7","40","25","28","18","14","40","32","18","40","40","37","17","3","8","7","7","38","18","6","4","6","4","4","36","37","40","32","5","20","33","36","36","9","0","7","6","20","22"
"38","40","42","41","40","41","42","41","42","41","40","38","40","40","38","42","26","38","36","38","30","39","24","39","23","40","38","38","10","40","24","40","18","40","38","24","40","12","42","33","22","40","36","10","40","35","23","39","42","24","38","37","10","39","14","10","17","39","8","4","6","40","14","12","14","40","30","9","23","40","27","38","17","40","28","11","7","39","38","12","22","32","42","23","29","18","24","41","10","28","35","12","40","33","16","37","22","38","22","11","26","12","42","28","24","23","20","42","36","14","38","40","42","20","6","2","6","13","40","21","10","4","9","8","10","38","36","38","36","8","21","38","42","33","12","7","0","2","21","24"
"38","38","39","38","38","40","39","38","40","38","39","38","40","38","37","41","25","37","36","37","27","38","22","38","22","38","37","36","12","38","26","40","17","38","37","24","38","14","40","32","20","39","35","9","39","38","22","38","40","24","36","38","12","38","16","8","16","38","11","6","7","40","12","14","12","38","31","10","24","40","28","38","14","40","30","13","9","38","38","10","22","32","41","24","29","16","24","38","10","27","36","10","40","33","14","36","21","38","21","14","26","12","39","27","25","22","18","41","35","16","38","38","40","21","8","3","4","12","38","22","10","6","12","8","9","37","36","38","36","8","20","38","39","34","13","6","2","0","20","23"
"38","39","42","40","36","35","41","34","40","41","38","34","40","34","36","36","40","34","42","42","28","40","16","39","33","39","31","32","28","36","40","36","28","40","32","29","39","29","41","24","34","42","34","24","34","46","34","40","36","34","38","45","26","42","30","16","18","40","28","24","22","40","26","17","16","40","30","28","24","36","36","35","30","34","43","23","25","36","40","26","22","37","42","28","42","25","26","40","27","23","42","24","36","40","18","36","30","34","32","29","24","27","36","40","25","32","32","36","42","16","39","36","40","35","24","22","17","23","36","38","24","20","26","24","22","36","38","38","44","22","20","44","41","33","30","20","21","20","0","18"
"26","26","27","26","28","28","26","27","28","26","25","25","27","26","26","28","35","24","28","28","24","26","17","26","26","25","29","24","28","26","34","27","26","26","28","27","26","32","28","22","30","26","28","24","26","32","30","26","28","30","26","30","28","28","26","25","22","26","30","26","24","26","28","23","23","25","27","26","24","28","22","28","26","27","35","28","26","26","30","27","24","24","28","18","34","30","26","26","28","23","29","26","26","26","22","28","26","26","28","32","24","23","28","33","26","30","30","28","34","20","30","28","26","30","26","26","22","26","26","34","28","23","28","26","25","24","26","29","30","26","24","31","27","28","28","22","24","23","18","0"
